text,label
Exame sem achados. Paciente sem alterações.,normal
Laudo: normal. Nenhum achado relevante.,normal
Laudo: sem achados. Nenhum achado relevante.,normal
sem achados. Sem alterações significativas.,normal
exame normal. Sem alterações significativas.,normal
Exame sem achados. Paciente sem achados.,normal
Laudo: normal. Nenhum achado relevante.,normal
sem achados. Sem alterações significativas.,normal
normal. Sem alterações significativas.,normal
exame normal. Sem alterações significativas.,normal
Laudo: exame normal. Nenhum achado relevante.,normal
sem alterações. Sem alterações significativas.,normal
Exame normal. Paciente exame normal.,normal
O exame apresenta-se sem alterações.,normal
Laudo: normal. Nenhum achado relevante.,normal
O exame apresenta-se sem achados.,normal
Exame exame normal. Paciente sem achados.,normal
O exame apresenta-se sem alterações.,normal
sem alterações. Sem alterações significativas.,normal
Exame exame normal. Paciente sem achados.,normal
"Resultado dentro do esperado, sem achados.",normal
sem alterações. Sem alterações significativas.,normal
sem alterações. Sem alterações significativas.,normal
normal. Sem alterações significativas.,normal
Exame sem achados. Paciente normal.,normal
O exame apresenta-se sem achados.,normal
Laudo: sem achados. Nenhum achado relevante.,normal
"Resultado dentro do esperado, sem alterações.",normal
"Resultado dentro do esperado, sem alterações.",normal
Laudo: sem alterações. Nenhum achado relevante.,normal
O exame apresenta-se normal.,normal
O exame apresenta-se sem achados.,normal
normal. Sem alterações significativas.,normal
normal. Sem alterações significativas.,normal
Laudo: exame normal. Nenhum achado relevante.,normal
"Resultado dentro do esperado, sem alterações.",normal
normal. Sem alterações significativas.,normal
O exame apresenta-se sem achados.,normal
Laudo: sem achados. Nenhum achado relevante.,normal
O exame apresenta-se exame normal.,normal
O exame apresenta-se sem achados.,normal
Laudo: sem alterações. Nenhum achado relevante.,normal
Laudo: exame normal. Nenhum achado relevante.,normal
"Resultado dentro do esperado, exame normal.",normal
Laudo: sem alterações. Nenhum achado relevante.,normal
Laudo: normal. Nenhum achado relevante.,normal
sem alterações. Sem alterações significativas.,normal
exame normal. Sem alterações significativas.,normal
exame normal. Sem alterações significativas.,normal
O exame apresenta-se normal.,normal
Laudo: exame normal. Nenhum achado relevante.,normal
Exame sem achados. Paciente sem achados.,normal
Laudo: normal. Nenhum achado relevante.,normal
"Resultado dentro do esperado, sem achados.",normal
"Resultado dentro do esperado, exame normal.",normal
exame normal. Sem alterações significativas.,normal
sem alterações. Sem alterações significativas.,normal
sem achados. Sem alterações significativas.,normal
Exame sem alterações. Paciente sem alterações.,normal
Exame sem alterações. Paciente exame normal.,normal
Laudo: exame normal. Nenhum achado relevante.,normal
Exame sem alterações. Paciente normal.,normal
sem achados. Sem alterações significativas.,normal
O exame apresenta-se normal.,normal
Laudo: sem alterações. Nenhum achado relevante.,normal
Laudo: sem achados. Nenhum achado relevante.,normal
sem alterações. Sem alterações significativas.,normal
"Resultado dentro do esperado, sem achados.",normal
Exame sem alterações. Paciente sem alterações.,normal
Laudo: sem achados. Nenhum achado relevante.,normal
Laudo: sem achados. Nenhum achado relevante.,normal
Exame exame normal. Paciente sem achados.,normal
normal. Sem alterações significativas.,normal
Laudo: exame normal. Nenhum achado relevante.,normal
normal. Sem alterações significativas.,normal
O exame apresenta-se exame normal.,normal
Laudo: normal. Nenhum achado relevante.,normal
O exame apresenta-se exame normal.,normal
O exame apresenta-se exame normal.,normal
exame normal. Sem alterações significativas.,normal
Exame normal. Paciente normal.,normal
Exame sem alterações. Paciente sem achados.,normal
normal. Sem alterações significativas.,normal
normal. Sem alterações significativas.,normal
Exame sem achados. Paciente sem achados.,normal
Laudo: sem achados. Nenhum achado relevante.,normal
Exame sem alterações. Paciente sem achados.,normal
normal. Sem alterações significativas.,normal
O exame apresenta-se exame normal.,normal
Laudo: normal. Nenhum achado relevante.,normal
exame normal. Sem alterações significativas.,normal
Laudo: exame normal. Nenhum achado relevante.,normal
"Resultado dentro do esperado, normal.",normal
Exame sem achados. Paciente exame normal.,normal
O exame apresenta-se exame normal.,normal
"Resultado dentro do esperado, exame normal.",normal
Exame sem achados. Paciente sem achados.,normal
"Resultado dentro do esperado, sem alterações.",normal
Exame normal. Paciente normal.,normal
Laudo: exame normal. Nenhum achado relevante.,normal
Laudo: exame normal. Nenhum achado relevante.,normal
Laudo: sem alterações. Nenhum achado relevante.,normal
"Resultado dentro do esperado, normal.",normal
Exame exame normal. Paciente sem achados.,normal
Exame sem achados. Paciente sem achados.,normal
Laudo: normal. Nenhum achado relevante.,normal
"Resultado dentro do esperado, exame normal.",normal
"Resultado dentro do esperado, normal.",normal
"Resultado dentro do esperado, sem achados.",normal
Laudo: exame normal. Nenhum achado relevante.,normal
Exame exame normal. Paciente sem alterações.,normal
"Resultado dentro do esperado, sem alterações.",normal
"Resultado dentro do esperado, exame normal.",normal
Laudo: normal. Nenhum achado relevante.,normal
O exame apresenta-se normal.,normal
Exame sem achados. Paciente sem alterações.,normal
Exame sem achados. Paciente exame normal.,normal
normal. Sem alterações significativas.,normal
Exame sem achados. Paciente normal.,normal
Exame sem achados. Paciente normal.,normal
"Resultado dentro do esperado, sem achados.",normal
normal. Sem alterações significativas.,normal
sem achados. Sem alterações significativas.,normal
sem achados. Sem alterações significativas.,normal
"Resultado dentro do esperado, sem alterações.",normal
O exame apresenta-se normal.,normal
O exame apresenta-se normal.,normal
O exame apresenta-se exame normal.,normal
Laudo: sem alterações. Nenhum achado relevante.,normal
"Resultado dentro do esperado, sem alterações.",normal
Exame sem achados. Paciente exame normal.,normal
sem achados. Sem alterações significativas.,normal
Exame normal. Paciente sem alterações.,normal
Laudo: sem alterações. Nenhum achado relevante.,normal
Exame normal. Paciente sem alterações.,normal
O exame apresenta-se normal.,normal
"Resultado dentro do esperado, sem alterações.",normal
sem achados. Sem alterações significativas.,normal
sem alterações. Sem alterações significativas.,normal
Exame normal. Paciente sem alterações.,normal
Exame sem achados. Paciente normal.,normal
O exame apresenta-se sem alterações.,normal
normal. Sem alterações significativas.,normal
O exame apresenta-se normal.,normal
O exame apresenta-se exame normal.,normal
O exame apresenta-se sem achados.,normal
Exame exame normal. Paciente sem alterações.,normal
Exame sem achados. Paciente sem alterações.,normal
Laudo: sem alterações. Nenhum achado relevante.,normal
Laudo: exame normal. Nenhum achado relevante.,normal
exame normal. Sem alterações significativas.,normal
sem achados. Sem alterações significativas.,normal
Exame sem achados. Paciente normal.,normal
sem achados. Sem alterações significativas.,normal
O exame apresenta-se normal.,normal
"Resultado dentro do esperado, normal.",normal
Exame sem alterações. Paciente sem alterações.,normal
Exame sem alterações. Paciente normal.,normal
Laudo: sem achados. Nenhum achado relevante.,normal
O exame apresenta-se exame normal.,normal
normal. Sem alterações significativas.,normal
Laudo: normal. Nenhum achado relevante.,normal
Laudo: exame normal. Nenhum achado relevante.,normal
Exame normal. Paciente sem alterações.,normal
"Resultado dentro do esperado, normal.",normal
O exame apresenta-se normal.,normal
Exame exame normal. Paciente sem achados.,normal
"Resultado dentro do esperado, normal.",normal
Laudo: exame normal. Nenhum achado relevante.,normal
O exame apresenta-se sem alterações.,normal
Laudo: normal. Nenhum achado relevante.,normal
Exame normal. Paciente exame normal.,normal
O exame apresenta-se sem alterações.,normal
Exame sem alterações. Paciente sem alterações.,normal
exame normal. Sem alterações significativas.,normal
sem alterações. Sem alterações significativas.,normal
Exame sem achados. Paciente sem alterações.,normal
Laudo: sem alterações. Nenhum achado relevante.,normal
Exame sem achados. Paciente exame normal.,normal
O exame apresenta-se sem alterações.,normal
"Resultado dentro do esperado, sem achados.",normal
"Resultado dentro do esperado, normal.",normal
O exame apresenta-se sem achados.,normal
"Resultado dentro do esperado, sem achados.",normal
normal. Sem alterações significativas.,normal
O exame apresenta-se exame normal.,normal
Exame sem alterações. Paciente sem alterações.,normal
Exame sem alterações. Paciente sem alterações.,normal
"Resultado dentro do esperado, sem alterações.",normal
"Resultado dentro do esperado, sem alterações.",normal
normal. Sem alterações significativas.,normal
Laudo: exame normal. Nenhum achado relevante.,normal
"Resultado dentro do esperado, normal.",normal
sem alterações. Sem alterações significativas.,normal
"Resultado dentro do esperado, sem achados.",normal
O exame apresenta-se sem alterações.,normal
Laudo: exame normal. Nenhum achado relevante.,normal
sem alterações. Sem alterações significativas.,normal
"Resultado dentro do esperado, exame normal.",normal
"Resultado dentro do esperado, normal.",normal
exame normal. Sem alterações significativas.,normal
Laudo: sem achados. Nenhum achado relevante.,normal
O exame apresenta-se sem alterações.,normal
Exame normal. Paciente sem alterações.,normal
Laudo: normal. Nenhum achado relevante.,normal
Laudo: sem achados. Nenhum achado relevante.,normal
Exame normal. Paciente exame normal.,normal
sem achados. Sem alterações significativas.,normal
"Resultado dentro do esperado, exame normal.",normal
normal. Sem alterações significativas.,normal
"Resultado dentro do esperado, exame normal.",normal
"Resultado dentro do esperado, normal.",normal
Laudo: sem achados. Nenhum achado relevante.,normal
Exame exame normal. Paciente normal.,normal
Laudo: exame normal. Nenhum achado relevante.,normal
Exame normal. Paciente sem achados.,normal
"Resultado dentro do esperado, normal.",normal
"Resultado dentro do esperado, sem alterações.",normal
"Resultado dentro do esperado, exame normal.",normal
exame normal. Sem alterações significativas.,normal
Laudo: exame normal. Nenhum achado relevante.,normal
"Resultado dentro do esperado, sem alterações.",normal
Laudo: sem alterações. Nenhum achado relevante.,normal
exame normal. Sem alterações significativas.,normal
Laudo: sem alterações. Nenhum achado relevante.,normal
"Resultado dentro do esperado, sem achados.",normal
O exame apresenta-se normal.,normal
O exame apresenta-se sem alterações.,normal
O exame apresenta-se sem achados.,normal
Laudo: normal. Nenhum achado relevante.,normal
Laudo: exame normal. Nenhum achado relevante.,normal
Laudo: normal. Nenhum achado relevante.,normal
Exame exame normal. Paciente exame normal.,normal
O exame apresenta-se exame normal.,normal
"Resultado dentro do esperado, sem achados.",normal
Laudo: exame normal. Nenhum achado relevante.,normal
"Resultado dentro do esperado, sem achados.",normal
exame normal. Sem alterações significativas.,normal
"Resultado dentro do esperado, sem achados.",normal
O exame apresenta-se sem alterações.,normal
"Resultado dentro do esperado, exame normal.",normal
normal. Sem alterações significativas.,normal
"Resultado dentro do esperado, normal.",normal
O exame apresenta-se exame normal.,normal
"Resultado dentro do esperado, sem achados.",normal
"Resultado dentro do esperado, sem alterações.",normal
"Resultado dentro do esperado, normal.",normal
"Resultado dentro do esperado, normal.",normal
sem achados. Sem alterações significativas.,normal
"Resultado dentro do esperado, sem achados.",normal
Exame exame normal. Paciente normal.,normal
"Resultado dentro do esperado, normal.",normal
Exame sem alterações. Paciente exame normal.,normal
O exame apresenta-se normal.,normal
"Resultado dentro do esperado, sem alterações.",normal
O exame apresenta-se exame normal.,normal
O exame apresenta-se exame normal.,normal
O exame apresenta-se sem achados.,normal
"Resultado dentro do esperado, sem achados.",normal
sem achados. Sem alterações significativas.,normal
O exame apresenta-se normal.,normal
Exame sem achados. Paciente sem achados.,normal
Laudo: normal. Nenhum achado relevante.,normal
Exame normal. Paciente normal.,normal
Laudo: exame normal. Nenhum achado relevante.,normal
Exame normal. Paciente exame normal.,normal
O exame apresenta-se sem alterações.,normal
Laudo: sem achados. Nenhum achado relevante.,normal
Laudo: sem alterações. Nenhum achado relevante.,normal
Exame sem achados. Paciente sem alterações.,normal
exame normal. Sem alterações significativas.,normal
"Resultado dentro do esperado, normal.",normal
Exame normal. Paciente sem achados.,normal
O exame apresenta-se sem achados.,normal
sem achados. Sem alterações significativas.,normal
O exame apresenta-se exame normal.,normal
O exame apresenta-se sem achados.,normal
sem alterações. Sem alterações significativas.,normal
Exame exame normal. Paciente exame normal.,normal
Exame exame normal. Paciente sem alterações.,normal
"Resultado dentro do esperado, normal.",normal
"Resultado dentro do esperado, normal.",normal
sem alterações. Sem alterações significativas.,normal
exame normal. Sem alterações significativas.,normal
"Resultado dentro do esperado, exame normal.",normal
sem alterações. Sem alterações significativas.,normal
O exame apresenta-se normal.,normal
Exame sem alterações. Paciente exame normal.,normal
Laudo: exame normal. Nenhum achado relevante.,normal
exame normal. Sem alterações significativas.,normal
O exame apresenta-se sem achados.,normal
"Resultado dentro do esperado, sem alterações.",normal
Laudo: exame normal. Nenhum achado relevante.,normal
Laudo: sem alterações. Nenhum achado relevante.,normal
O exame apresenta-se sem alterações.,normal
O exame apresenta-se sem alterações.,normal
sem achados. Sem alterações significativas.,normal
normal. Sem alterações significativas.,normal
Exame normal. Paciente exame normal.,normal
"Resultado dentro do esperado, normal.",normal
"Resultado dentro do esperado, exame normal.",normal
"Resultado dentro do esperado, sem achados.",normal
Exame sem alterações. Paciente normal.,normal
"Resultado dentro do esperado, normal.",normal
O exame apresenta-se sem alterações.,normal
"Resultado dentro do esperado, sem alterações.",normal
"Resultado dentro do esperado, sem alterações.",normal
O exame apresenta-se exame normal.,normal
O exame apresenta-se sem alterações.,normal
O exame apresenta-se normal.,normal
Exame normal. Paciente sem alterações.,normal
Exame normal. Paciente normal.,normal
Laudo: exame normal. Nenhum achado relevante.,normal
O exame apresenta-se sem alterações.,normal
Exame normal. Paciente sem alterações.,normal
Laudo: sem alterações. Nenhum achado relevante.,normal
Laudo: sem alterações. Nenhum achado relevante.,normal
Exame normal. Paciente sem alterações.,normal
Exame sem achados. Paciente sem alterações.,normal
Laudo: exame normal. Nenhum achado relevante.,normal
Exame sem achados. Paciente sem alterações.,normal
"Resultado dentro do esperado, exame normal.",normal
"Resultado dentro do esperado, sem alterações.",normal
Laudo: sem achados. Nenhum achado relevante.,normal
O exame apresenta-se exame normal.,normal
Exame sem achados. Paciente exame normal.,normal
"Resultado dentro do esperado, sem achados.",normal
sem achados. Sem alterações significativas.,normal
Laudo: normal. Nenhum achado relevante.,normal
sem alterações. Sem alterações significativas.,normal
Exame normal. Paciente sem achados.,normal
exame normal. Sem alterações significativas.,normal
normal. Sem alterações significativas.,normal
exame normal. Sem alterações significativas.,normal
"Resultado dentro do esperado, exame normal.",normal
O exame apresenta-se exame normal.,normal
O exame apresenta-se sem achados.,normal
sem achados. Sem alterações significativas.,normal
Laudo: normal. Nenhum achado relevante.,normal
O exame apresenta-se sem achados.,normal
Laudo: normal. Nenhum achado relevante.,normal
Laudo: sem achados. Nenhum achado relevante.,normal
Laudo: sem achados. Nenhum achado relevante.,normal
"Resultado dentro do esperado, exame normal.",normal
exame normal. Sem alterações significativas.,normal
O exame apresenta-se sem achados.,normal
Laudo: sem alterações. Nenhum achado relevante.,normal
O exame apresenta-se exame normal.,normal
Exame normal. Paciente sem alterações.,normal
normal. Sem alterações significativas.,normal
"Resultado dentro do esperado, sem achados.",normal
normal. Sem alterações significativas.,normal
Laudo: sem alterações. Nenhum achado relevante.,normal
Laudo: sem achados. Nenhum achado relevante.,normal
Exame normal. Paciente sem alterações.,normal
sem alterações. Sem alterações significativas.,normal
"Resultado dentro do esperado, sem achados.",normal
"Resultado dentro do esperado, sem alterações.",normal
"Resultado dentro do esperado, sem alterações.",normal
exame normal. Sem alterações significativas.,normal
"Resultado dentro do esperado, sem achados.",normal
sem achados. Sem alterações significativas.,normal
"Resultado dentro do esperado, sem alterações.",normal
sem alterações. Sem alterações significativas.,normal
Exame sem achados. Paciente normal.,normal
sem achados. Sem alterações significativas.,normal
O exame apresenta-se sem achados.,normal
Laudo: exame normal. Nenhum achado relevante.,normal
exame normal. Sem alterações significativas.,normal
O exame apresenta-se normal.,normal
exame normal. Sem alterações significativas.,normal
"Resultado dentro do esperado, sem achados.",normal
"Resultado dentro do esperado, sem alterações.",normal
"Resultado dentro do esperado, sem alterações.",normal
O exame apresenta-se sem achados.,normal
Laudo: sem alterações. Nenhum achado relevante.,normal
"Resultado dentro do esperado, exame normal.",normal
O exame apresenta-se exame normal.,normal
sem achados. Sem alterações significativas.,normal
"Resultado dentro do esperado, sem achados.",normal
O exame apresenta-se sem alterações.,normal
O exame apresenta-se sem achados.,normal
"Resultado dentro do esperado, sem achados.",normal
exame normal. Sem alterações significativas.,normal
"Resultado dentro do esperado, sem achados.",normal
Laudo: sem alterações. Nenhum achado relevante.,normal
exame normal. Sem alterações significativas.,normal
"Resultado dentro do esperado, sem achados.",normal
Laudo: sem alterações. Nenhum achado relevante.,normal
normal. Sem alterações significativas.,normal
O exame apresenta-se exame normal.,normal
"Resultado dentro do esperado, sem achados.",normal
Exame normal. Paciente normal.,normal
O exame apresenta-se sem achados.,normal
exame normal. Sem alterações significativas.,normal
Exame normal. Paciente sem achados.,normal
"Resultado dentro do esperado, sem achados.",normal
Laudo: exame normal. Nenhum achado relevante.,normal
O exame apresenta-se sem alterações.,normal
"Resultado dentro do esperado, exame normal.",normal
"Resultado dentro do esperado, normal.",normal
"Resultado dentro do esperado, normal.",normal
"Resultado dentro do esperado, normal.",normal
normal. Sem alterações significativas.,normal
Exame sem alterações. Paciente exame normal.,normal
O exame apresenta-se sem alterações.,normal
Exame sem alterações. Paciente sem alterações.,normal
exame normal. Sem alterações significativas.,normal
Laudo: exame normal. Nenhum achado relevante.,normal
exame normal. Sem alterações significativas.,normal
O exame apresenta-se sem alterações.,normal
exame normal. Sem alterações significativas.,normal
"Resultado dentro do esperado, sem alterações.",normal
Laudo: normal. Nenhum achado relevante.,normal
exame normal. Sem alterações significativas.,normal
Laudo: exame normal. Nenhum achado relevante.,normal
Exame sem alterações. Paciente exame normal.,normal
"Resultado dentro do esperado, exame normal.",normal
Laudo: exame normal. Nenhum achado relevante.,normal
Exame normal. Paciente sem alterações.,normal
Exame exame normal. Paciente sem achados.,normal
exame normal. Sem alterações significativas.,normal
Exame normal. Paciente exame normal.,normal
Laudo: sem achados. Nenhum achado relevante.,normal
"Resultado dentro do esperado, sem alterações.",normal
O exame apresenta-se exame normal.,normal
Exame sem alterações. Paciente exame normal.,normal
O exame apresenta-se exame normal.,normal
sem achados. Sem alterações significativas.,normal
sem achados. Sem alterações significativas.,normal
Laudo: sem alterações. Nenhum achado relevante.,normal
Laudo: sem achados. Nenhum achado relevante.,normal
"Resultado dentro do esperado, sem achados.",normal
Exame exame normal. Paciente normal.,normal
O exame apresenta-se sem achados.,normal
Exame sem alterações. Paciente sem achados.,normal
O exame apresenta-se sem alterações.,normal
O exame apresenta-se exame normal.,normal
Laudo: normal. Nenhum achado relevante.,normal
exame normal. Sem alterações significativas.,normal
normal. Sem alterações significativas.,normal
Laudo: normal. Nenhum achado relevante.,normal
Exame exame normal. Paciente normal.,normal
"Resultado dentro do esperado, normal.",normal
Laudo: exame normal. Nenhum achado relevante.,normal
O exame apresenta-se exame normal.,normal
O exame apresenta-se sem achados.,normal
"Resultado dentro do esperado, sem alterações.",normal
normal. Sem alterações significativas.,normal
Exame exame normal. Paciente sem alterações.,normal
sem alterações. Sem alterações significativas.,normal
"Resultado dentro do esperado, sem alterações.",normal
"Resultado dentro do esperado, sem alterações.",normal
Laudo: exame normal. Nenhum achado relevante.,normal
"Resultado dentro do esperado, sem achados.",normal
Laudo: exame normal. Nenhum achado relevante.,normal
sem alterações. Sem alterações significativas.,normal
sem alterações. Sem alterações significativas.,normal
O exame apresenta-se sem achados.,normal
"Resultado dentro do esperado, sem alterações.",normal
Exame sem achados. Paciente exame normal.,normal
O exame apresenta-se normal.,normal
sem alterações. Sem alterações significativas.,normal
Laudo: normal. Nenhum achado relevante.,normal
sem alterações. Sem alterações significativas.,normal
Laudo: sem achados. Nenhum achado relevante.,normal
Exame sem alterações. Paciente exame normal.,normal
Exame sem alterações. Paciente normal.,normal
Exame sem alterações. Paciente sem alterações.,normal
"Resultado dentro do esperado, normal.",normal
Laudo: normal. Nenhum achado relevante.,normal
sem alterações. Sem alterações significativas.,normal
sem alterações. Sem alterações significativas.,normal
Laudo: sem alterações. Nenhum achado relevante.,normal
"Resultado dentro do esperado, sem alterações.",normal
O exame apresenta-se sem achados.,normal
"Resultado dentro do esperado, sem achados.",normal
Laudo: normal. Nenhum achado relevante.,normal
"Resultado dentro do esperado, sem alterações.",normal
Exame exame normal. Paciente sem achados.,normal
O exame apresenta-se sem achados.,normal
"Resultado dentro do esperado, sem alterações.",normal
O exame apresenta-se exame normal.,normal
O exame apresenta-se sem achados.,normal
Laudo: exame normal. Nenhum achado relevante.,normal
Exame sem alterações. Paciente normal.,normal
Exame exame normal. Paciente sem alterações.,normal
"Resultado dentro do esperado, sem achados.",normal
Laudo: sem achados. Nenhum achado relevante.,normal
Exame sem alterações. Paciente exame normal.,normal
Exame sem achados. Paciente normal.,normal
normal. Sem alterações significativas.,normal
"Resultado dentro do esperado, exame normal.",normal
O exame apresenta-se exame normal.,normal
normal. Sem alterações significativas.,normal
"Resultado dentro do esperado, sem achados.",normal
"Resultado dentro do esperado, exame normal.",normal
O exame apresenta-se sem achados.,normal
O exame apresenta-se normal.,normal
"Resultado dentro do esperado, exame normal.",normal
Laudo: sem alterações. Nenhum achado relevante.,normal
Exame sem alterações. Paciente sem alterações.,normal
Exame exame normal. Paciente sem alterações.,normal
Laudo: sem achados. Nenhum achado relevante.,normal
"Resultado dentro do esperado, sem achados.",normal
Laudo: sem achados. Nenhum achado relevante.,normal
Exame sem alterações. Paciente normal.,normal
Laudo: normal. Nenhum achado relevante.,normal
Exame normal. Paciente normal.,normal
Laudo: sem alterações. Nenhum achado relevante.,normal
Laudo: sem achados. Nenhum achado relevante.,normal
O exame apresenta-se normal.,normal
Laudo: sem alterações. Nenhum achado relevante.,normal
Laudo: sem achados. Nenhum achado relevante.,normal
Exame normal. Paciente sem achados.,normal
O exame apresenta-se normal.,normal
sem alterações. Sem alterações significativas.,normal
Exame normal. Paciente sem alterações.,normal
Exame normal. Paciente exame normal.,normal
sem achados. Sem alterações significativas.,normal
Exame exame normal. Paciente exame normal.,normal
O exame apresenta-se sem achados.,normal
"Resultado dentro do esperado, normal.",normal
sem achados. Sem alterações significativas.,normal
sem alterações. Sem alterações significativas.,normal
"Resultado dentro do esperado, sem achados.",normal
Exame exame normal. Paciente exame normal.,normal
"Resultado dentro do esperado, sem achados.",normal
"Resultado dentro do esperado, exame normal.",normal
Exame sem achados. Paciente sem alterações.,normal
normal. Sem alterações significativas.,normal
Exame normal. Paciente sem alterações.,normal
sem alterações. Sem alterações significativas.,normal
"Resultado dentro do esperado, sem alterações.",normal
"Resultado dentro do esperado, exame normal.",normal
Exame sem achados. Paciente normal.,normal
"Resultado dentro do esperado, exame normal.",normal
Laudo: exame normal. Nenhum achado relevante.,normal
O exame apresenta-se exame normal.,normal
"Resultado dentro do esperado, exame normal.",normal
Exame sem alterações. Paciente exame normal.,normal
O exame apresenta-se sem alterações.,normal
O exame apresenta-se normal.,normal
"Resultado dentro do esperado, sem achados.",normal
Exame sem achados. Paciente sem achados.,normal
"Resultado dentro do esperado, sem achados.",normal
O exame apresenta-se normal.,normal
sem achados. Sem alterações significativas.,normal
sem alterações. Sem alterações significativas.,normal
Exame exame normal. Paciente sem alterações.,normal
"Resultado dentro do esperado, sem achados.",normal
O exame apresenta-se sem alterações.,normal
O exame apresenta-se sem achados.,normal
normal. Sem alterações significativas.,normal
Laudo: exame normal. Nenhum achado relevante.,normal
Laudo: sem achados. Nenhum achado relevante.,normal
O exame apresenta-se sem alterações.,normal
Exame sem alterações. Paciente normal.,normal
"Resultado dentro do esperado, sem achados.",normal
sem alterações. Sem alterações significativas.,normal
Exame normal. Paciente sem alterações.,normal
O exame apresenta-se sem alterações.,normal
O exame apresenta-se sem achados.,normal
Laudo: normal. Nenhum achado relevante.,normal
exame normal. Sem alterações significativas.,normal
Exame normal. Paciente sem achados.,normal
Exame normal. Paciente exame normal.,normal
"Resultado dentro do esperado, exame normal.",normal
O exame apresenta-se normal.,normal
O exame apresenta-se sem alterações.,normal
O exame apresenta-se sem achados.,normal
Exame normal. Paciente normal.,normal
sem achados. Sem alterações significativas.,normal
Exame sem alterações. Paciente exame normal.,normal
"Resultado dentro do esperado, exame normal.",normal
exame normal. Sem alterações significativas.,normal
"Resultado dentro do esperado, sem alterações.",normal
Laudo: sem achados. Nenhum achado relevante.,normal
O exame apresenta-se exame normal.,normal
Exame sem alterações. Paciente exame normal.,normal
sem alterações. Sem alterações significativas.,normal
Exame normal. Paciente exame normal.,normal
sem achados. Sem alterações significativas.,normal
Exame normal. Paciente sem alterações.,normal
Laudo: normal. Nenhum achado relevante.,normal
O exame apresenta-se sem alterações.,normal
O exame apresenta-se sem achados.,normal
Exame exame normal. Paciente exame normal.,normal
Laudo: normal. Nenhum achado relevante.,normal
"Resultado dentro do esperado, normal.",normal
sem alterações. Sem alterações significativas.,normal
Exame exame normal. Paciente sem achados.,normal
"Resultado dentro do esperado, sem achados.",normal
"Resultado dentro do esperado, sem achados.",normal
O exame apresenta-se exame normal.,normal
exame normal. Sem alterações significativas.,normal
"Resultado dentro do esperado, sem alterações.",normal
Exame exame normal. Paciente sem achados.,normal
O exame apresenta-se normal.,normal
exame normal. Sem alterações significativas.,normal
O exame apresenta-se sem achados.,normal
"Resultado dentro do esperado, sem achados.",normal
Laudo: exame normal. Nenhum achado relevante.,normal
exame normal. Sem alterações significativas.,normal
sem achados. Sem alterações significativas.,normal
"Resultado dentro do esperado, sem alterações.",normal
O exame apresenta-se normal.,normal
O exame apresenta-se normal.,normal
Exame sem achados. Paciente normal.,normal
O exame apresenta-se sem alterações.,normal
Laudo: normal. Nenhum achado relevante.,normal
Exame normal. Paciente sem alterações.,normal
Laudo: normal. Nenhum achado relevante.,normal
normal. Sem alterações significativas.,normal
Exame normal. Paciente exame normal.,normal
"Resultado dentro do esperado, exame normal.",normal
sem alterações. Sem alterações significativas.,normal
O exame apresenta-se normal.,normal
"Resultado dentro do esperado, sem achados.",normal
"Resultado dentro do esperado, exame normal.",normal
O exame apresenta-se sem alterações.,normal
sem achados. Sem alterações significativas.,normal
O exame apresenta-se sem achados.,normal
O exame apresenta-se exame normal.,normal
"Resultado dentro do esperado, sem achados.",normal
Exame sem alterações. Paciente sem alterações.,normal
Exame sem achados. Paciente exame normal.,normal
"Resultado dentro do esperado, sem achados.",normal
"Resultado dentro do esperado, normal.",normal
O exame apresenta-se exame normal.,normal
normal. Sem alterações significativas.,normal
Exame exame normal. Paciente sem achados.,normal
O exame apresenta-se sem achados.,normal
normal. Sem alterações significativas.,normal
Exame normal. Paciente exame normal.,normal
"Resultado dentro do esperado, normal.",normal
O exame apresenta-se sem alterações.,normal
O exame apresenta-se exame normal.,normal
"Resultado dentro do esperado, sem alterações.",normal
sem achados. Sem alterações significativas.,normal
O exame apresenta-se sem achados.,normal
O exame apresenta-se sem achados.,normal
exame normal. Sem alterações significativas.,normal
O exame apresenta-se sem alterações.,normal
normal. Sem alterações significativas.,normal
O exame apresenta-se sem achados.,normal
normal. Sem alterações significativas.,normal
O exame apresenta-se sem alterações.,normal
"Resultado dentro do esperado, normal.",normal
sem achados. Sem alterações significativas.,normal
O exame apresenta-se exame normal.,normal
O exame apresenta-se normal.,normal
sem achados. Sem alterações significativas.,normal
"Resultado dentro do esperado, sem alterações.",normal
Exame sem alterações. Paciente sem alterações.,normal
Laudo: normal. Nenhum achado relevante.,normal
O exame apresenta-se exame normal.,normal
Laudo: normal. Nenhum achado relevante.,normal
Laudo: normal. Nenhum achado relevante.,normal
Exame sem alterações. Paciente sem achados.,normal
sem achados. Sem alterações significativas.,normal
O exame apresenta-se normal.,normal
exame normal. Sem alterações significativas.,normal
Laudo: normal. Nenhum achado relevante.,normal
Laudo: normal. Nenhum achado relevante.,normal
"Resultado dentro do esperado, sem achados.",normal
"Resultado dentro do esperado, sem alterações.",normal
Laudo: exame normal. Nenhum achado relevante.,normal
sem alterações. Sem alterações significativas.,normal
"Resultado dentro do esperado, normal.",normal
normal. Sem alterações significativas.,normal
O exame apresenta-se exame normal.,normal
Laudo: sem alterações. Nenhum achado relevante.,normal
exame normal. Sem alterações significativas.,normal
"Resultado dentro do esperado, sem alterações.",normal
"Resultado dentro do esperado, exame normal.",normal
Laudo: normal. Nenhum achado relevante.,normal
normal. Sem alterações significativas.,normal
O exame apresenta-se sem achados.,normal
"Resultado dentro do esperado, sem alterações.",normal
sem achados. Sem alterações significativas.,normal
sem achados. Sem alterações significativas.,normal
O exame apresenta-se sem achados.,normal
Laudo: sem alterações. Nenhum achado relevante.,normal
"Resultado dentro do esperado, normal.",normal
"Resultado dentro do esperado, sem achados.",normal
Laudo: exame normal. Nenhum achado relevante.,normal
O exame apresenta-se sem achados.,normal
"Resultado dentro do esperado, sem achados.",normal
"Resultado dentro do esperado, sem alterações.",normal
Laudo: exame normal. Nenhum achado relevante.,normal
Exame sem alterações. Paciente normal.,normal
Exame sem alterações. Paciente sem achados.,normal
O exame apresenta-se normal.,normal
Laudo: sem achados. Nenhum achado relevante.,normal
O exame apresenta-se exame normal.,normal
Laudo: exame normal. Nenhum achado relevante.,normal
"Resultado dentro do esperado, sem achados.",normal
Exame sem achados. Paciente sem alterações.,normal
Laudo: normal. Nenhum achado relevante.,normal
exame normal. Sem alterações significativas.,normal
Exame sem alterações. Paciente normal.,normal
O exame apresenta-se sem achados.,normal
Exame normal. Paciente exame normal.,normal
exame normal. Sem alterações significativas.,normal
Exame sem achados. Paciente exame normal.,normal
sem achados. Sem alterações significativas.,normal
normal. Sem alterações significativas.,normal
Laudo: sem alterações. Nenhum achado relevante.,normal
"Resultado dentro do esperado, sem achados.",normal
sem alterações. Sem alterações significativas.,normal
Laudo: exame normal. Nenhum achado relevante.,normal
Laudo: sem achados. Nenhum achado relevante.,normal
sem alterações. Sem alterações significativas.,normal
Exame sem achados. Paciente exame normal.,normal
"Resultado dentro do esperado, sem achados.",normal
"Resultado dentro do esperado, sem alterações.",normal
O exame apresenta-se sem achados.,normal
O exame apresenta-se sem achados.,normal
O exame apresenta-se normal.,normal
Exame sem alterações. Paciente normal.,normal
Exame sem alterações. Paciente sem alterações.,normal
Laudo: exame normal. Nenhum achado relevante.,normal
"Resultado dentro do esperado, normal.",normal
Laudo: sem achados. Nenhum achado relevante.,normal
"Resultado dentro do esperado, sem achados.",normal
O exame apresenta-se normal.,normal
Exame normal. Paciente sem achados.,normal
O exame apresenta-se sem alterações.,normal
exame normal. Sem alterações significativas.,normal
exame normal. Sem alterações significativas.,normal
O exame apresenta-se sem achados.,normal
Laudo: sem alterações. Nenhum achado relevante.,normal
O exame apresenta-se sem achados.,normal
O exame apresenta-se sem alterações.,normal
Exame sem alterações. Paciente exame normal.,normal
"Resultado dentro do esperado, exame normal.",normal
"Resultado dentro do esperado, sem alterações.",normal
Laudo: exame normal. Nenhum achado relevante.,normal
"Resultado dentro do esperado, sem alterações.",normal
sem alterações. Sem alterações significativas.,normal
Exame exame normal. Paciente sem achados.,normal
"Resultado dentro do esperado, normal.",normal
sem alterações. Sem alterações significativas.,normal
O exame apresenta-se sem achados.,normal
Exame sem alterações. Paciente sem alterações.,normal
O exame apresenta-se exame normal.,normal
exame normal. Sem alterações significativas.,normal
Laudo: exame normal. Nenhum achado relevante.,normal
O exame apresenta-se exame normal.,normal
Exame sem alterações. Paciente exame normal.,normal
O exame apresenta-se sem achados.,normal
Exame exame normal. Paciente sem alterações.,normal
normal. Sem alterações significativas.,normal
Exame normal. Paciente exame normal.,normal
Exame normal. Paciente sem achados.,normal
Laudo: sem alterações. Nenhum achado relevante.,normal
O exame apresenta-se exame normal.,normal
sem achados. Sem alterações significativas.,normal
normal. Sem alterações significativas.,normal
"Resultado dentro do esperado, sem alterações.",normal
O exame apresenta-se exame normal.,normal
Exame normal. Paciente sem alterações.,normal
"Resultado dentro do esperado, sem alterações.",normal
O exame apresenta-se normal.,normal
Exame sem achados. Paciente normal.,normal
"Resultado dentro do esperado, exame normal.",normal
sem achados. Sem alterações significativas.,normal
O exame apresenta-se sem alterações.,normal
"Resultado dentro do esperado, normal.",normal
sem alterações. Sem alterações significativas.,normal
"Resultado dentro do esperado, normal.",normal
Exame normal. Paciente sem achados.,normal
"Resultado dentro do esperado, normal.",normal
"Resultado dentro do esperado, sem achados.",normal
O exame apresenta-se sem alterações.,normal
Exame sem alterações. Paciente sem alterações.,normal
Laudo: normal. Nenhum achado relevante.,normal
O exame apresenta-se normal.,normal
Exame normal. Paciente normal.,normal
Laudo: exame normal. Nenhum achado relevante.,normal
Exame sem alterações. Paciente sem alterações.,normal
"Resultado dentro do esperado, normal.",normal
sem achados. Sem alterações significativas.,normal
Exame sem alterações. Paciente exame normal.,normal
"Resultado dentro do esperado, exame normal.",normal
"Resultado dentro do esperado, sem achados.",normal
Laudo: sem alterações. Nenhum achado relevante.,normal
Exame exame normal. Paciente exame normal.,normal
sem alterações. Sem alterações significativas.,normal
Laudo: normal. Nenhum achado relevante.,normal
Laudo: exame normal. Nenhum achado relevante.,normal
sem achados. Sem alterações significativas.,normal
Exame normal. Paciente sem alterações.,normal
Laudo: normal. Nenhum achado relevante.,normal
O exame apresenta-se normal.,normal
O exame apresenta-se sem alterações.,normal
Exame sem alterações. Paciente normal.,normal
sem alterações. Sem alterações significativas.,normal
Laudo: sem alterações. Nenhum achado relevante.,normal
sem achados. Sem alterações significativas.,normal
normal. Sem alterações significativas.,normal
normal. Sem alterações significativas.,normal
Laudo: sem alterações. Nenhum achado relevante.,normal
sem achados. Sem alterações significativas.,normal
Exame sem achados. Paciente sem achados.,normal
sem alterações. Sem alterações significativas.,normal
Laudo: exame normal. Nenhum achado relevante.,normal
sem achados. Sem alterações significativas.,normal
"Resultado dentro do esperado, sem alterações.",normal
O exame apresenta-se exame normal.,normal
Laudo: exame normal. Nenhum achado relevante.,normal
O exame apresenta-se exame normal.,normal
Exame sem achados. Paciente normal.,normal
"Resultado dentro do esperado, exame normal.",normal
"Resultado dentro do esperado, exame normal.",normal
Laudo: sem alterações. Nenhum achado relevante.,normal
normal. Sem alterações significativas.,normal
O exame apresenta-se sem alterações.,normal
O exame apresenta-se exame normal.,normal
Laudo: sem alterações. Nenhum achado relevante.,normal
sem achados. Sem alterações significativas.,normal
O exame apresenta-se normal.,normal
"Resultado dentro do esperado, sem achados.",normal
O exame apresenta-se exame normal.,normal
Laudo: normal. Nenhum achado relevante.,normal
Exame sem achados. Paciente sem alterações.,normal
"Resultado dentro do esperado, exame normal.",normal
Laudo: normal. Nenhum achado relevante.,normal
O exame apresenta-se sem alterações.,normal
Laudo: normal. Nenhum achado relevante.,normal
"Resultado dentro do esperado, exame normal.",normal
"Resultado dentro do esperado, sem alterações.",normal
"Resultado dentro do esperado, sem achados.",normal
Exame exame normal. Paciente exame normal.,normal
Laudo: normal. Nenhum achado relevante.,normal
sem alterações. Sem alterações significativas.,normal
Exame sem achados. Paciente sem alterações.,normal
"Resultado dentro do esperado, exame normal.",normal
O exame apresenta-se sem achados.,normal
Exame exame normal. Paciente normal.,normal
O exame apresenta-se sem alterações.,normal
"Resultado dentro do esperado, sem alterações.",normal
Exame exame normal. Paciente sem achados.,normal
normal. Sem alterações significativas.,normal
O exame apresenta-se sem alterações.,normal
Exame exame normal. Paciente exame normal.,normal
sem alterações. Sem alterações significativas.,normal
sem achados. Sem alterações significativas.,normal
Laudo: sem achados. Nenhum achado relevante.,normal
"Resultado dentro do esperado, sem alterações.",normal
O exame apresenta-se sem alterações.,normal
Laudo: normal. Nenhum achado relevante.,normal
exame normal. Sem alterações significativas.,normal
sem achados. Sem alterações significativas.,normal
Exame sem achados. Paciente normal.,normal
O exame apresenta-se exame normal.,normal
exame normal. Sem alterações significativas.,normal
Laudo: normal. Nenhum achado relevante.,normal
O exame apresenta-se sem alterações.,normal
Laudo: exame normal. Nenhum achado relevante.,normal
sem alterações. Sem alterações significativas.,normal
sem alterações. Sem alterações significativas.,normal
exame normal. Sem alterações significativas.,normal
sem alterações. Sem alterações significativas.,normal
"Resultado dentro do esperado, sem achados.",normal
O exame apresenta-se sem alterações.,normal
Exame exame normal. Paciente sem alterações.,normal
Exame exame normal. Paciente sem alterações.,normal
normal. Sem alterações significativas.,normal
Exame exame normal. Paciente normal.,normal
exame normal. Sem alterações significativas.,normal
Laudo: normal. Nenhum achado relevante.,normal
Exame sem achados. Paciente normal.,normal
Exame exame normal. Paciente sem alterações.,normal
"Resultado dentro do esperado, normal.",normal
"Resultado dentro do esperado, normal.",normal
"Resultado dentro do esperado, exame normal.",normal
Exame normal. Paciente normal.,normal
sem alterações. Sem alterações significativas.,normal
"Resultado dentro do esperado, exame normal.",normal
O exame apresenta-se normal.,normal
"Resultado dentro do esperado, sem alterações.",normal
sem alterações. Sem alterações significativas.,normal
O exame apresenta-se exame normal.,normal
Laudo: normal. Nenhum achado relevante.,normal
O exame apresenta-se sem alterações.,normal
Laudo: sem alterações. Nenhum achado relevante.,normal
O exame apresenta-se normal.,normal
"Resultado dentro do esperado, sem alterações.",normal
"Resultado dentro do esperado, sem alterações.",normal
sem alterações. Sem alterações significativas.,normal
O exame apresenta-se sem achados.,normal
exame normal. Sem alterações significativas.,normal
"Resultado dentro do esperado, sem alterações.",normal
Laudo: sem alterações. Nenhum achado relevante.,normal
Exame sem alterações. Paciente sem achados.,normal
O exame apresenta-se exame normal.,normal
O exame apresenta-se exame normal.,normal
Laudo: normal. Nenhum achado relevante.,normal
sem alterações. Sem alterações significativas.,normal
sem alterações. Sem alterações significativas.,normal
Laudo: sem achados. Nenhum achado relevante.,normal
normal. Sem alterações significativas.,normal
Laudo: sem achados. Nenhum achado relevante.,normal
normal. Sem alterações significativas.,normal
Laudo: sem achados. Nenhum achado relevante.,normal
Exame exame normal. Paciente sem alterações.,normal
"Resultado dentro do esperado, sem achados.",normal
Laudo: sem achados. Nenhum achado relevante.,normal
normal. Sem alterações significativas.,normal
"Resultado dentro do esperado, exame normal.",normal
"Resultado dentro do esperado, normal.",normal
O exame apresenta-se sem alterações.,normal
O exame apresenta-se sem achados.,normal
Exame normal. Paciente sem achados.,normal
Laudo: exame normal. Nenhum achado relevante.,normal
Laudo: sem achados. Nenhum achado relevante.,normal
"Resultado dentro do esperado, exame normal.",normal
Laudo: sem alterações. Nenhum achado relevante.,normal
Exame sem achados. Paciente sem alterações.,normal
sem achados. Sem alterações significativas.,normal
O exame apresenta-se sem alterações.,normal
"Resultado dentro do esperado, exame normal.",normal
Laudo: exame normal. Nenhum achado relevante.,normal
O exame apresenta-se normal.,normal
Exame sem alterações. Paciente normal.,normal
"Resultado dentro do esperado, sem alterações.",normal
Laudo: sem achados. Nenhum achado relevante.,normal
O exame apresenta-se sem alterações.,normal
normal. Sem alterações significativas.,normal
Laudo: exame normal. Nenhum achado relevante.,normal
"Resultado dentro do esperado, sem alterações.",normal
Exame exame normal. Paciente sem achados.,normal
Laudo: normal. Nenhum achado relevante.,normal
"Resultado dentro do esperado, sem alterações.",normal
Laudo: sem achados. Nenhum achado relevante.,normal
O exame apresenta-se exame normal.,normal
Laudo: exame normal. Nenhum achado relevante.,normal
O exame apresenta-se sem alterações.,normal
O exame apresenta-se sem achados.,normal
O exame apresenta-se sem alterações.,normal
Laudo: sem achados. Nenhum achado relevante.,normal
Exame exame normal. Paciente sem alterações.,normal
Laudo: exame normal. Nenhum achado relevante.,normal
sem alterações. Sem alterações significativas.,normal
Exame sem alterações. Paciente sem alterações.,normal
normal. Sem alterações significativas.,normal
Laudo: normal. Nenhum achado relevante.,normal
"Resultado dentro do esperado, normal.",normal
"Resultado dentro do esperado, sem alterações.",normal
"Resultado dentro do esperado, exame normal.",normal
normal. Sem alterações significativas.,normal
Laudo: sem achados. Nenhum achado relevante.,normal
exame normal. Sem alterações significativas.,normal
sem alterações. Sem alterações significativas.,normal
Exame sem achados. Paciente sem achados.,normal
normal. Sem alterações significativas.,normal
normal. Sem alterações significativas.,normal
Laudo: sem alterações. Nenhum achado relevante.,normal
exame normal. Sem alterações significativas.,normal
Exame normal. Paciente exame normal.,normal
Exame exame normal. Paciente sem achados.,normal
"Resultado dentro do esperado, normal.",normal
exame normal. Sem alterações significativas.,normal
"Resultado dentro do esperado, sem achados.",normal
exame normal. Sem alterações significativas.,normal
O exame apresenta-se sem achados.,normal
"Resultado dentro do esperado, sem alterações.",normal
Exame normal. Paciente sem achados.,normal
Exame exame normal. Paciente sem alterações.,normal
Exame sem achados. Paciente sem achados.,normal
"Resultado dentro do esperado, sem achados.",normal
O exame apresenta-se exame normal.,normal
Laudo: normal. Nenhum achado relevante.,normal
"Resultado dentro do esperado, sem alterações.",normal
"Resultado dentro do esperado, exame normal.",normal
"Resultado dentro do esperado, exame normal.",normal
Exame normal. Paciente sem alterações.,normal
Exame normal. Paciente exame normal.,normal
normal. Sem alterações significativas.,normal
Laudo: sem achados. Nenhum achado relevante.,normal
Exame sem alterações. Paciente exame normal.,normal
exame normal. Sem alterações significativas.,normal
exame normal. Sem alterações significativas.,normal
Laudo: normal. Nenhum achado relevante.,normal
"Resultado dentro do esperado, sem alterações.",normal
Laudo: sem alterações. Nenhum achado relevante.,normal
Laudo: sem achados. Nenhum achado relevante.,normal
Exame exame normal. Paciente sem achados.,normal
Laudo: normal. Nenhum achado relevante.,normal
Exame sem achados. Paciente sem achados.,normal
"Resultado dentro do esperado, sem achados.",normal
Laudo: sem achados. Nenhum achado relevante.,normal
"Resultado dentro do esperado, exame normal.",normal
Laudo: normal. Nenhum achado relevante.,normal
Exame normal. Paciente sem alterações.,normal
Laudo: sem alterações. Nenhum achado relevante.,normal
sem alterações. Sem alterações significativas.,normal
Laudo: sem alterações. Nenhum achado relevante.,normal
"Quadro observar, recomenda-se leve.",atencao
"Presença de alteração acompanhamento, indicado acompanhamento.",atencao
Observar com recomenda em consulta de retorno.,atencao
"observar do quadro, manter observação periódica.",atencao
"Quadro moderada, recomenda-se observar.",atencao
"Presença de alteração recomenda, indicado acompanhamento.",atencao
Observar com moderada em consulta de retorno.,atencao
"acompanhamento do quadro, manter observação periódica.",atencao
"Presença de alteração moderada, indicado acompanhamento.",atencao
"Quadro acompanhamento, recomenda-se moderada.",atencao
"Quadro observar, recomenda-se moderada.",atencao
"Quadro leve, recomenda-se acompanhamento.",atencao
"Quadro moderada, recomenda-se recomenda.",atencao
"moderada do quadro, manter observação periódica.",atencao
"Presença de alteração observar, indicado acompanhamento.",atencao
"leve do quadro, manter observação periódica.",atencao
"Presença de alteração leve, indicado acompanhamento.",atencao
Observar com leve em consulta de retorno.,atencao
Observar com recomenda em consulta de retorno.,atencao
"Presença de alteração acompanhamento, indicado acompanhamento.",atencao
"Encontrado achado leve, observar seguimento.",atencao
"Quadro recomenda, recomenda-se acompanhamento.",atencao
"Presença de alteração observar, indicado acompanhamento.",atencao
"recomenda do quadro, manter observação periódica.",atencao
"Encontrado achado leve, leve seguimento.",atencao
"observar do quadro, manter observação periódica.",atencao
"Quadro moderada, recomenda-se leve.",atencao
Observar com acompanhamento em consulta de retorno.,atencao
"Encontrado achado leve, leve seguimento.",atencao
"Quadro recomenda, recomenda-se moderada.",atencao
"Quadro observar, recomenda-se leve.",atencao
"Presença de alteração leve, indicado acompanhamento.",atencao
"acompanhamento do quadro, manter observação periódica.",atencao
Observar com moderada em consulta de retorno.,atencao
"Presença de alteração observar, indicado acompanhamento.",atencao
Observar com acompanhamento em consulta de retorno.,atencao
Observar com acompanhamento em consulta de retorno.,atencao
"moderada do quadro, manter observação periódica.",atencao
"Presença de alteração recomenda, indicado acompanhamento.",atencao
"Presença de alteração acompanhamento, indicado acompanhamento.",atencao
"Quadro acompanhamento, recomenda-se acompanhamento.",atencao
"Presença de alteração recomenda, indicado acompanhamento.",atencao
"leve do quadro, manter observação periódica.",atencao
"Quadro recomenda, recomenda-se acompanhamento.",atencao
"observar do quadro, manter observação periódica.",atencao
"moderada do quadro, manter observação periódica.",atencao
Observar com leve em consulta de retorno.,atencao
"Quadro acompanhamento, recomenda-se leve.",atencao
"Presença de alteração observar, indicado acompanhamento.",atencao
"Quadro moderada, recomenda-se observar.",atencao
Observar com acompanhamento em consulta de retorno.,atencao
"Presença de alteração moderada, indicado acompanhamento.",atencao
"Presença de alteração leve, indicado acompanhamento.",atencao
Observar com leve em consulta de retorno.,atencao
"Quadro observar, recomenda-se moderada.",atencao
"Quadro observar, recomenda-se recomenda.",atencao
"recomenda do quadro, manter observação periódica.",atencao
"Encontrado achado leve, recomenda seguimento.",atencao
"Encontrado achado leve, moderada seguimento.",atencao
"Quadro leve, recomenda-se recomenda.",atencao
"Quadro recomenda, recomenda-se leve.",atencao
"moderada do quadro, manter observação periódica.",atencao
Observar com recomenda em consulta de retorno.,atencao
"observar do quadro, manter observação periódica.",atencao
"Presença de alteração moderada, indicado acompanhamento.",atencao
"Encontrado achado leve, recomenda seguimento.",atencao
"observar do quadro, manter observação periódica.",atencao
"Presença de alteração recomenda, indicado acompanhamento.",atencao
"Encontrado achado leve, observar seguimento.",atencao
Observar com observar em consulta de retorno.,atencao
Observar com recomenda em consulta de retorno.,atencao
"moderada do quadro, manter observação periódica.",atencao
"Quadro recomenda, recomenda-se recomenda.",atencao
"leve do quadro, manter observação periódica.",atencao
"Quadro leve, recomenda-se observar.",atencao
"acompanhamento do quadro, manter observação periódica.",atencao
Observar com acompanhamento em consulta de retorno.,atencao
"Presença de alteração recomenda, indicado acompanhamento.",atencao
Observar com moderada em consulta de retorno.,atencao
"Presença de alteração observar, indicado acompanhamento.",atencao
"Quadro leve, recomenda-se acompanhamento.",atencao
"Encontrado achado leve, recomenda seguimento.",atencao
"Encontrado achado leve, moderada seguimento.",atencao
"Presença de alteração moderada, indicado acompanhamento.",atencao
"moderada do quadro, manter observação periódica.",atencao
"Encontrado achado leve, recomenda seguimento.",atencao
"Quadro recomenda, recomenda-se moderada.",atencao
"Presença de alteração acompanhamento, indicado acompanhamento.",atencao
"recomenda do quadro, manter observação periódica.",atencao
"recomenda do quadro, manter observação periódica.",atencao
"Quadro leve, recomenda-se observar.",atencao
"Presença de alteração acompanhamento, indicado acompanhamento.",atencao
"Encontrado achado leve, recomenda seguimento.",atencao
Observar com observar em consulta de retorno.,atencao
"recomenda do quadro, manter observação periódica.",atencao
"Quadro acompanhamento, recomenda-se recomenda.",atencao
"Quadro observar, recomenda-se leve.",atencao
"Presença de alteração recomenda, indicado acompanhamento.",atencao
Observar com leve em consulta de retorno.,atencao
"leve do quadro, manter observação periódica.",atencao
"moderada do quadro, manter observação periódica.",atencao
"acompanhamento do quadro, manter observação periódica.",atencao
"Presença de alteração leve, indicado acompanhamento.",atencao
"Encontrado achado leve, observar seguimento.",atencao
Observar com recomenda em consulta de retorno.,atencao
"Encontrado achado leve, moderada seguimento.",atencao
"Quadro recomenda, recomenda-se acompanhamento.",atencao
"observar do quadro, manter observação periódica.",atencao
"moderada do quadro, manter observação periódica.",atencao
Observar com recomenda em consulta de retorno.,atencao
Observar com moderada em consulta de retorno.,atencao
"Presença de alteração leve, indicado acompanhamento.",atencao
Observar com observar em consulta de retorno.,atencao
"Presença de alteração moderada, indicado acompanhamento.",atencao
"Quadro observar, recomenda-se moderada.",atencao
"Encontrado achado leve, observar seguimento.",atencao
Observar com leve em consulta de retorno.,atencao
"Encontrado achado leve, recomenda seguimento.",atencao
Observar com leve em consulta de retorno.,atencao
"Presença de alteração leve, indicado acompanhamento.",atencao
"Presença de alteração acompanhamento, indicado acompanhamento.",atencao
Observar com recomenda em consulta de retorno.,atencao
"Encontrado achado leve, recomenda seguimento.",atencao
Observar com moderada em consulta de retorno.,atencao
Observar com acompanhamento em consulta de retorno.,atencao
"Encontrado achado leve, leve seguimento.",atencao
"Encontrado achado leve, leve seguimento.",atencao
"Presença de alteração moderada, indicado acompanhamento.",atencao
"observar do quadro, manter observação periódica.",atencao
"moderada do quadro, manter observação periódica.",atencao
"Encontrado achado leve, recomenda seguimento.",atencao
"Encontrado achado leve, acompanhamento seguimento.",atencao
"recomenda do quadro, manter observação periódica.",atencao
"observar do quadro, manter observação periódica.",atencao
Observar com moderada em consulta de retorno.,atencao
"Encontrado achado leve, acompanhamento seguimento.",atencao
"Presença de alteração moderada, indicado acompanhamento.",atencao
"Encontrado achado leve, observar seguimento.",atencao
"Quadro observar, recomenda-se observar.",atencao
"Quadro moderada, recomenda-se leve.",atencao
"Quadro acompanhamento, recomenda-se acompanhamento.",atencao
Observar com moderada em consulta de retorno.,atencao
"Quadro recomenda, recomenda-se leve.",atencao
"Presença de alteração acompanhamento, indicado acompanhamento.",atencao
"Presença de alteração acompanhamento, indicado acompanhamento.",atencao
"Presença de alteração recomenda, indicado acompanhamento.",atencao
Observar com acompanhamento em consulta de retorno.,atencao
"Quadro moderada, recomenda-se observar.",atencao
"leve do quadro, manter observação periódica.",atencao
"Presença de alteração recomenda, indicado acompanhamento.",atencao
"Quadro acompanhamento, recomenda-se recomenda.",atencao
"Presença de alteração acompanhamento, indicado acompanhamento.",atencao
"moderada do quadro, manter observação periódica.",atencao
Observar com moderada em consulta de retorno.,atencao
Observar com moderada em consulta de retorno.,atencao
"leve do quadro, manter observação periódica.",atencao
Observar com acompanhamento em consulta de retorno.,atencao
"leve do quadro, manter observação periódica.",atencao
"Presença de alteração acompanhamento, indicado acompanhamento.",atencao
"Quadro moderada, recomenda-se acompanhamento.",atencao
Observar com moderada em consulta de retorno.,atencao
"leve do quadro, manter observação periódica.",atencao
Observar com moderada em consulta de retorno.,atencao
Observar com moderada em consulta de retorno.,atencao
Observar com recomenda em consulta de retorno.,atencao
"leve do quadro, manter observação periódica.",atencao
"observar do quadro, manter observação periódica.",atencao
"Quadro observar, recomenda-se recomenda.",atencao
"Presença de alteração leve, indicado acompanhamento.",atencao
"Presença de alteração acompanhamento, indicado acompanhamento.",atencao
"Encontrado achado leve, moderada seguimento.",atencao
"Presença de alteração leve, indicado acompanhamento.",atencao
Observar com leve em consulta de retorno.,atencao
Observar com leve em consulta de retorno.,atencao
"Presença de alteração moderada, indicado acompanhamento.",atencao
"Encontrado achado leve, moderada seguimento.",atencao
"moderada do quadro, manter observação periódica.",atencao
"moderada do quadro, manter observação periódica.",atencao
"observar do quadro, manter observação periódica.",atencao
"Presença de alteração observar, indicado acompanhamento.",atencao
"Encontrado achado leve, acompanhamento seguimento.",atencao
"observar do quadro, manter observação periódica.",atencao
"Encontrado achado leve, recomenda seguimento.",atencao
"Quadro acompanhamento, recomenda-se leve.",atencao
"recomenda do quadro, manter observação periódica.",atencao
"moderada do quadro, manter observação periódica.",atencao
Observar com moderada em consulta de retorno.,atencao
"Encontrado achado leve, recomenda seguimento.",atencao
"Encontrado achado leve, acompanhamento seguimento.",atencao
"Quadro observar, recomenda-se observar.",atencao
"observar do quadro, manter observação periódica.",atencao
"leve do quadro, manter observação periódica.",atencao
"Presença de alteração acompanhamento, indicado acompanhamento.",atencao
"Presença de alteração moderada, indicado acompanhamento.",atencao
"observar do quadro, manter observação periódica.",atencao
"Quadro acompanhamento, recomenda-se recomenda.",atencao
"Presença de alteração recomenda, indicado acompanhamento.",atencao
Observar com moderada em consulta de retorno.,atencao
"Encontrado achado leve, recomenda seguimento.",atencao
"Quadro acompanhamento, recomenda-se acompanhamento.",atencao
Observar com moderada em consulta de retorno.,atencao
"Quadro observar, recomenda-se moderada.",atencao
Observar com moderada em consulta de retorno.,atencao
"Encontrado achado leve, moderada seguimento.",atencao
"Presença de alteração acompanhamento, indicado acompanhamento.",atencao
"Encontrado achado leve, acompanhamento seguimento.",atencao
"Encontrado achado leve, recomenda seguimento.",atencao
"Encontrado achado leve, acompanhamento seguimento.",atencao
"Encontrado achado leve, leve seguimento.",atencao
"Quadro observar, recomenda-se leve.",atencao
"leve do quadro, manter observação periódica.",atencao
Observar com observar em consulta de retorno.,atencao
"Presença de alteração moderada, indicado acompanhamento.",atencao
"Quadro moderada, recomenda-se leve.",atencao
"Quadro moderada, recomenda-se moderada.",atencao
"Encontrado achado leve, observar seguimento.",atencao
"Quadro moderada, recomenda-se observar.",atencao
"Presença de alteração moderada, indicado acompanhamento.",atencao
"Encontrado achado leve, leve seguimento.",atencao
"Quadro acompanhamento, recomenda-se recomenda.",atencao
"recomenda do quadro, manter observação periódica.",atencao
"leve do quadro, manter observação periódica.",atencao
Observar com acompanhamento em consulta de retorno.,atencao
"Quadro moderada, recomenda-se recomenda.",atencao
Observar com moderada em consulta de retorno.,atencao
"acompanhamento do quadro, manter observação periódica.",atencao
"moderada do quadro, manter observação periódica.",atencao
"moderada do quadro, manter observação periódica.",atencao
"recomenda do quadro, manter observação periódica.",atencao
Observar com acompanhamento em consulta de retorno.,atencao
"Presença de alteração observar, indicado acompanhamento.",atencao
"Quadro acompanhamento, recomenda-se observar.",atencao
"recomenda do quadro, manter observação periódica.",atencao
"Quadro acompanhamento, recomenda-se recomenda.",atencao
"Quadro acompanhamento, recomenda-se recomenda.",atencao
"Quadro acompanhamento, recomenda-se leve.",atencao
"moderada do quadro, manter observação periódica.",atencao
"Presença de alteração observar, indicado acompanhamento.",atencao
"Quadro observar, recomenda-se moderada.",atencao
"Presença de alteração leve, indicado acompanhamento.",atencao
"Presença de alteração observar, indicado acompanhamento.",atencao
"Quadro observar, recomenda-se leve.",atencao
"Presença de alteração acompanhamento, indicado acompanhamento.",atencao
"Quadro leve, recomenda-se acompanhamento.",atencao
"Presença de alteração observar, indicado acompanhamento.",atencao
"Encontrado achado leve, acompanhamento seguimento.",atencao
"Encontrado achado leve, moderada seguimento.",atencao
"Quadro leve, recomenda-se moderada.",atencao
"observar do quadro, manter observação periódica.",atencao
"Presença de alteração moderada, indicado acompanhamento.",atencao
"Presença de alteração moderada, indicado acompanhamento.",atencao
"Presença de alteração moderada, indicado acompanhamento.",atencao
"Quadro recomenda, recomenda-se observar.",atencao
"Encontrado achado leve, leve seguimento.",atencao
Observar com recomenda em consulta de retorno.,atencao
Observar com leve em consulta de retorno.,atencao
"acompanhamento do quadro, manter observação periódica.",atencao
"Quadro moderada, recomenda-se observar.",atencao
"Presença de alteração observar, indicado acompanhamento.",atencao
"recomenda do quadro, manter observação periódica.",atencao
"recomenda do quadro, manter observação periódica.",atencao
Observar com observar em consulta de retorno.,atencao
Observar com observar em consulta de retorno.,atencao
"Encontrado achado leve, moderada seguimento.",atencao
"leve do quadro, manter observação periódica.",atencao
"Presença de alteração recomenda, indicado acompanhamento.",atencao
"Quadro acompanhamento, recomenda-se recomenda.",atencao
"Presença de alteração acompanhamento, indicado acompanhamento.",atencao
Observar com recomenda em consulta de retorno.,atencao
"Presença de alteração recomenda, indicado acompanhamento.",atencao
"Quadro leve, recomenda-se observar.",atencao
Observar com observar em consulta de retorno.,atencao
"Presença de alteração leve, indicado acompanhamento.",atencao
"leve do quadro, manter observação periódica.",atencao
"Quadro leve, recomenda-se recomenda.",atencao
"acompanhamento do quadro, manter observação periódica.",atencao
"acompanhamento do quadro, manter observação periódica.",atencao
"observar do quadro, manter observação periódica.",atencao
"Quadro acompanhamento, recomenda-se acompanhamento.",atencao
Observar com observar em consulta de retorno.,atencao
Observar com observar em consulta de retorno.,atencao
"Encontrado achado leve, leve seguimento.",atencao
"Presença de alteração recomenda, indicado acompanhamento.",atencao
Observar com leve em consulta de retorno.,atencao
"Quadro leve, recomenda-se leve.",atencao
Observar com leve em consulta de retorno.,atencao
"Presença de alteração moderada, indicado acompanhamento.",atencao
"Quadro observar, recomenda-se acompanhamento.",atencao
"Presença de alteração moderada, indicado acompanhamento.",atencao
"Presença de alteração recomenda, indicado acompanhamento.",atencao
"Encontrado achado leve, moderada seguimento.",atencao
"acompanhamento do quadro, manter observação periódica.",atencao
Observar com moderada em consulta de retorno.,atencao
"Presença de alteração acompanhamento, indicado acompanhamento.",atencao
"recomenda do quadro, manter observação periódica.",atencao
"Encontrado achado leve, moderada seguimento.",atencao
Observar com recomenda em consulta de retorno.,atencao
"moderada do quadro, manter observação periódica.",atencao
"Quadro moderada, recomenda-se leve.",atencao
"Presença de alteração acompanhamento, indicado acompanhamento.",atencao
Observar com acompanhamento em consulta de retorno.,atencao
Observar com observar em consulta de retorno.,atencao
"leve do quadro, manter observação periódica.",atencao
"moderada do quadro, manter observação periódica.",atencao
Observar com recomenda em consulta de retorno.,atencao
"Encontrado achado leve, recomenda seguimento.",atencao
"Presença de alteração recomenda, indicado acompanhamento.",atencao
"Encontrado achado leve, leve seguimento.",atencao
"Presença de alteração moderada, indicado acompanhamento.",atencao
"Encontrado achado leve, moderada seguimento.",atencao
"Quadro leve, recomenda-se acompanhamento.",atencao
"Quadro acompanhamento, recomenda-se recomenda.",atencao
Observar com acompanhamento em consulta de retorno.,atencao
"Encontrado achado leve, acompanhamento seguimento.",atencao
"Quadro recomenda, recomenda-se moderada.",atencao
Observar com leve em consulta de retorno.,atencao
"Presença de alteração recomenda, indicado acompanhamento.",atencao
"Encontrado achado leve, recomenda seguimento.",atencao
"Quadro moderada, recomenda-se recomenda.",atencao
"Quadro observar, recomenda-se leve.",atencao
"moderada do quadro, manter observação periódica.",atencao
"Encontrado achado leve, recomenda seguimento.",atencao
Observar com recomenda em consulta de retorno.,atencao
"Presença de alteração leve, indicado acompanhamento.",atencao
"Presença de alteração recomenda, indicado acompanhamento.",atencao
"Quadro moderada, recomenda-se recomenda.",atencao
"Encontrado achado leve, recomenda seguimento.",atencao
Observar com acompanhamento em consulta de retorno.,atencao
Observar com leve em consulta de retorno.,atencao
"Presença de alteração leve, indicado acompanhamento.",atencao
"Quadro recomenda, recomenda-se observar.",atencao
"recomenda do quadro, manter observação periódica.",atencao
"leve do quadro, manter observação periódica.",atencao
"Presença de alteração acompanhamento, indicado acompanhamento.",atencao
"Quadro leve, recomenda-se moderada.",atencao
"moderada do quadro, manter observação periódica.",atencao
"Quadro recomenda, recomenda-se recomenda.",atencao
"Quadro recomenda, recomenda-se observar.",atencao
"Presença de alteração acompanhamento, indicado acompanhamento.",atencao
"Presença de alteração acompanhamento, indicado acompanhamento.",atencao
"Quadro leve, recomenda-se acompanhamento.",atencao
"Encontrado achado leve, leve seguimento.",atencao
"observar do quadro, manter observação periódica.",atencao
"observar do quadro, manter observação periódica.",atencao
Observar com recomenda em consulta de retorno.,atencao
Observar com leve em consulta de retorno.,atencao
"observar do quadro, manter observação periódica.",atencao
"leve do quadro, manter observação periódica.",atencao
"Presença de alteração acompanhamento, indicado acompanhamento.",atencao
"Encontrado achado leve, leve seguimento.",atencao
"Presença de alteração moderada, indicado acompanhamento.",atencao
"Encontrado achado leve, leve seguimento.",atencao
"Presença de alteração observar, indicado acompanhamento.",atencao
"Encontrado achado leve, observar seguimento.",atencao
"Encontrado achado leve, acompanhamento seguimento.",atencao
Observar com leve em consulta de retorno.,atencao
"Presença de alteração observar, indicado acompanhamento.",atencao
"Presença de alteração acompanhamento, indicado acompanhamento.",atencao
"leve do quadro, manter observação periódica.",atencao
"Presença de alteração recomenda, indicado acompanhamento.",atencao
"Encontrado achado leve, observar seguimento.",atencao
"Encontrado achado leve, recomenda seguimento.",atencao
Observar com leve em consulta de retorno.,atencao
"Encontrado achado leve, recomenda seguimento.",atencao
"Presença de alteração observar, indicado acompanhamento.",atencao
Observar com observar em consulta de retorno.,atencao
"Presença de alteração moderada, indicado acompanhamento.",atencao
"Presença de alteração recomenda, indicado acompanhamento.",atencao
"observar do quadro, manter observação periódica.",atencao
"leve do quadro, manter observação periódica.",atencao
Observar com recomenda em consulta de retorno.,atencao
Observar com recomenda em consulta de retorno.,atencao
"leve do quadro, manter observação periódica.",atencao
"Quadro observar, recomenda-se acompanhamento.",atencao
"Presença de alteração observar, indicado acompanhamento.",atencao
"Encontrado achado leve, acompanhamento seguimento.",atencao
"Presença de alteração leve, indicado acompanhamento.",atencao
"Encontrado achado leve, leve seguimento.",atencao
"Encontrado achado leve, moderada seguimento.",atencao
"Encontrado achado leve, moderada seguimento.",atencao
"observar do quadro, manter observação periódica.",atencao
"Encontrado achado leve, acompanhamento seguimento.",atencao
"Quadro recomenda, recomenda-se recomenda.",atencao
"Quadro recomenda, recomenda-se leve.",atencao
"Presença de alteração acompanhamento, indicado acompanhamento.",atencao
"observar do quadro, manter observação periódica.",atencao
Observar com leve em consulta de retorno.,atencao
Observar com leve em consulta de retorno.,atencao
Observar com recomenda em consulta de retorno.,atencao
"Encontrado achado leve, acompanhamento seguimento.",atencao
"Presença de alteração acompanhamento, indicado acompanhamento.",atencao
"recomenda do quadro, manter observação periódica.",atencao
Observar com observar em consulta de retorno.,atencao
"Encontrado achado leve, moderada seguimento.",atencao
"Presença de alteração observar, indicado acompanhamento.",atencao
Observar com recomenda em consulta de retorno.,atencao
"Presença de alteração observar, indicado acompanhamento.",atencao
"Quadro acompanhamento, recomenda-se leve.",atencao
Observar com recomenda em consulta de retorno.,atencao
"recomenda do quadro, manter observação periódica.",atencao
"Quadro observar, recomenda-se recomenda.",atencao
"Encontrado achado leve, recomenda seguimento.",atencao
"Quadro recomenda, recomenda-se moderada.",atencao
Observar com moderada em consulta de retorno.,atencao
"Quadro leve, recomenda-se recomenda.",atencao
"moderada do quadro, manter observação periódica.",atencao
"Quadro acompanhamento, recomenda-se leve.",atencao
"Presença de alteração acompanhamento, indicado acompanhamento.",atencao
Observar com recomenda em consulta de retorno.,atencao
"acompanhamento do quadro, manter observação periódica.",atencao
"Encontrado achado leve, observar seguimento.",atencao
"Encontrado achado leve, leve seguimento.",atencao
"Quadro observar, recomenda-se recomenda.",atencao
"Presença de alteração recomenda, indicado acompanhamento.",atencao
"Presença de alteração acompanhamento, indicado acompanhamento.",atencao
Observar com acompanhamento em consulta de retorno.,atencao
"Encontrado achado leve, observar seguimento.",atencao
"Presença de alteração recomenda, indicado acompanhamento.",atencao
Observar com leve em consulta de retorno.,atencao
Observar com observar em consulta de retorno.,atencao
Observar com observar em consulta de retorno.,atencao
"Quadro moderada, recomenda-se acompanhamento.",atencao
"moderada do quadro, manter observação periódica.",atencao
"Quadro observar, recomenda-se leve.",atencao
"Quadro recomenda, recomenda-se moderada.",atencao
"Encontrado achado leve, leve seguimento.",atencao
"acompanhamento do quadro, manter observação periódica.",atencao
"Encontrado achado leve, acompanhamento seguimento.",atencao
"Encontrado achado leve, moderada seguimento.",atencao
Observar com recomenda em consulta de retorno.,atencao
"Quadro observar, recomenda-se leve.",atencao
"Presença de alteração moderada, indicado acompanhamento.",atencao
"Encontrado achado leve, leve seguimento.",atencao
Observar com recomenda em consulta de retorno.,atencao
"Encontrado achado leve, leve seguimento.",atencao
"moderada do quadro, manter observação periódica.",atencao
Observar com moderada em consulta de retorno.,atencao
"Encontrado achado leve, observar seguimento.",atencao
"Encontrado achado leve, observar seguimento.",atencao
"Quadro moderada, recomenda-se recomenda.",atencao
"observar do quadro, manter observação periódica.",atencao
"Encontrado achado leve, moderada seguimento.",atencao
"Quadro leve, recomenda-se acompanhamento.",atencao
Observar com acompanhamento em consulta de retorno.,atencao
"Presença de alteração acompanhamento, indicado acompanhamento.",atencao
Observar com moderada em consulta de retorno.,atencao
Observar com leve em consulta de retorno.,atencao
"Encontrado achado leve, leve seguimento.",atencao
"Quadro observar, recomenda-se recomenda.",atencao
"Quadro recomenda, recomenda-se leve.",atencao
"Presença de alteração moderada, indicado acompanhamento.",atencao
Observar com moderada em consulta de retorno.,atencao
"Encontrado achado leve, observar seguimento.",atencao
Observar com leve em consulta de retorno.,atencao
"Presença de alteração acompanhamento, indicado acompanhamento.",atencao
"Presença de alteração acompanhamento, indicado acompanhamento.",atencao
"Encontrado achado leve, recomenda seguimento.",atencao
"Quadro acompanhamento, recomenda-se observar.",atencao
"Encontrado achado leve, leve seguimento.",atencao
Observar com leve em consulta de retorno.,atencao
"Encontrado achado leve, leve seguimento.",atencao
Observar com moderada em consulta de retorno.,atencao
"recomenda do quadro, manter observação periódica.",atencao
Observar com acompanhamento em consulta de retorno.,atencao
"Quadro recomenda, recomenda-se moderada.",atencao
"Presença de alteração observar, indicado acompanhamento.",atencao
"leve do quadro, manter observação periódica.",atencao
"Encontrado achado leve, moderada seguimento.",atencao
"Encontrado achado leve, leve seguimento.",atencao
"Encontrado achado leve, recomenda seguimento.",atencao
"Encontrado achado leve, leve seguimento.",atencao
"Quadro leve, recomenda-se moderada.",atencao
Observar com recomenda em consulta de retorno.,atencao
"observar do quadro, manter observação periódica.",atencao
Observar com recomenda em consulta de retorno.,atencao
"Encontrado achado leve, recomenda seguimento.",atencao
"Quadro moderada, recomenda-se leve.",atencao
"Encontrado achado leve, acompanhamento seguimento.",atencao
"Encontrado achado leve, recomenda seguimento.",atencao
"Presença de alteração recomenda, indicado acompanhamento.",atencao
"Quadro observar, recomenda-se moderada.",atencao
"Presença de alteração moderada, indicado acompanhamento.",atencao
"Encontrado achado leve, moderada seguimento.",atencao
"Presença de alteração leve, indicado acompanhamento.",atencao
Observar com leve em consulta de retorno.,atencao
"Quadro acompanhamento, recomenda-se acompanhamento.",atencao
"Presença de alteração leve, indicado acompanhamento.",atencao
"Encontrado achado leve, observar seguimento.",atencao
"observar do quadro, manter observação periódica.",atencao
"Quadro acompanhamento, recomenda-se moderada.",atencao
"Presença de alteração observar, indicado acompanhamento.",atencao
"Presença de alteração recomenda, indicado acompanhamento.",atencao
"Encontrado achado leve, acompanhamento seguimento.",atencao
"Presença de alteração leve, indicado acompanhamento.",atencao
"Presença de alteração leve, indicado acompanhamento.",atencao
"leve do quadro, manter observação periódica.",atencao
"recomenda do quadro, manter observação periódica.",atencao
"Presença de alteração acompanhamento, indicado acompanhamento.",atencao
"Presença de alteração observar, indicado acompanhamento.",atencao
"Presença de alteração acompanhamento, indicado acompanhamento.",atencao
"observar do quadro, manter observação periódica.",atencao
Observar com moderada em consulta de retorno.,atencao
Observar com leve em consulta de retorno.,atencao
"Encontrado achado leve, acompanhamento seguimento.",atencao
"leve do quadro, manter observação periódica.",atencao
"Encontrado achado leve, acompanhamento seguimento.",atencao
"Encontrado achado leve, moderada seguimento.",atencao
"acompanhamento do quadro, manter observação periódica.",atencao
"leve do quadro, manter observação periódica.",atencao
"Quadro recomenda, recomenda-se leve.",atencao
"Quadro acompanhamento, recomenda-se observar.",atencao
"Encontrado achado leve, leve seguimento.",atencao
"moderada do quadro, manter observação periódica.",atencao
Observar com leve em consulta de retorno.,atencao
"Quadro leve, recomenda-se observar.",atencao
Observar com acompanhamento em consulta de retorno.,atencao
"recomenda do quadro, manter observação periódica.",atencao
Observar com observar em consulta de retorno.,atencao
"leve do quadro, manter observação periódica.",atencao
"leve do quadro, manter observação periódica.",atencao
"Presença de alteração observar, indicado acompanhamento.",atencao
Observar com leve em consulta de retorno.,atencao
"Presença de alteração recomenda, indicado acompanhamento.",atencao
"Encontrado achado leve, recomenda seguimento.",atencao
"Quadro observar, recomenda-se leve.",atencao
"Encontrado achado leve, observar seguimento.",atencao
"Presença de alteração recomenda, indicado acompanhamento.",atencao
Observar com observar em consulta de retorno.,atencao
"Quadro leve, recomenda-se acompanhamento.",atencao
"Quadro acompanhamento, recomenda-se recomenda.",atencao
"Encontrado achado leve, leve seguimento.",atencao
"leve do quadro, manter observação periódica.",atencao
"Encontrado achado leve, observar seguimento.",atencao
Observar com recomenda em consulta de retorno.,atencao
Observar com moderada em consulta de retorno.,atencao
"recomenda do quadro, manter observação periódica.",atencao
Observar com acompanhamento em consulta de retorno.,atencao
Observar com leve em consulta de retorno.,atencao
"Quadro moderada, recomenda-se moderada.",atencao
Observar com leve em consulta de retorno.,atencao
"observar do quadro, manter observação periódica.",atencao
Observar com leve em consulta de retorno.,atencao
"leve do quadro, manter observação periódica.",atencao
"Presença de alteração acompanhamento, indicado acompanhamento.",atencao
Observar com leve em consulta de retorno.,atencao
"Quadro recomenda, recomenda-se observar.",atencao
"Presença de alteração observar, indicado acompanhamento.",atencao
"Encontrado achado leve, leve seguimento.",atencao
"acompanhamento do quadro, manter observação periódica.",atencao
"leve do quadro, manter observação periódica.",atencao
"recomenda do quadro, manter observação periódica.",atencao
"Presença de alteração leve, indicado acompanhamento.",atencao
Observar com recomenda em consulta de retorno.,atencao
"Quadro acompanhamento, recomenda-se acompanhamento.",atencao
"Quadro recomenda, recomenda-se acompanhamento.",atencao
"Presença de alteração recomenda, indicado acompanhamento.",atencao
Observar com leve em consulta de retorno.,atencao
"Quadro recomenda, recomenda-se acompanhamento.",atencao
Observar com recomenda em consulta de retorno.,atencao
"Encontrado achado leve, recomenda seguimento.",atencao
"Presença de alteração moderada, indicado acompanhamento.",atencao
"Presença de alteração leve, indicado acompanhamento.",atencao
"Presença de alteração moderada, indicado acompanhamento.",atencao
"Presença de alteração acompanhamento, indicado acompanhamento.",atencao
"moderada do quadro, manter observação periódica.",atencao
"Encontrado achado leve, moderada seguimento.",atencao
"leve do quadro, manter observação periódica.",atencao
"Quadro moderada, recomenda-se recomenda.",atencao
"Encontrado achado leve, acompanhamento seguimento.",atencao
"Encontrado achado leve, acompanhamento seguimento.",atencao
Observar com recomenda em consulta de retorno.,atencao
"Encontrado achado leve, acompanhamento seguimento.",atencao
"Quadro moderada, recomenda-se leve.",atencao
"Encontrado achado leve, observar seguimento.",atencao
"Encontrado achado leve, acompanhamento seguimento.",atencao
"observar do quadro, manter observação periódica.",atencao
"Presença de alteração recomenda, indicado acompanhamento.",atencao
"Presença de alteração leve, indicado acompanhamento.",atencao
"moderada do quadro, manter observação periódica.",atencao
"Quadro recomenda, recomenda-se recomenda.",atencao
Observar com leve em consulta de retorno.,atencao
"Quadro moderada, recomenda-se observar.",atencao
"acompanhamento do quadro, manter observação periódica.",atencao
Observar com acompanhamento em consulta de retorno.,atencao
"Quadro recomenda, recomenda-se recomenda.",atencao
"Presença de alteração observar, indicado acompanhamento.",atencao
"moderada do quadro, manter observação periódica.",atencao
"Quadro recomenda, recomenda-se acompanhamento.",atencao
"Encontrado achado leve, moderada seguimento.",atencao
"Encontrado achado leve, acompanhamento seguimento.",atencao
"moderada do quadro, manter observação periódica.",atencao
"Quadro recomenda, recomenda-se recomenda.",atencao
"Quadro leve, recomenda-se acompanhamento.",atencao
"Encontrado achado leve, moderada seguimento.",atencao
"Encontrado achado leve, acompanhamento seguimento.",atencao
"Presença de alteração moderada, indicado acompanhamento.",atencao
"Presença de alteração acompanhamento, indicado acompanhamento.",atencao
"Encontrado achado leve, observar seguimento.",atencao
"Presença de alteração leve, indicado acompanhamento.",atencao
Observar com moderada em consulta de retorno.,atencao
Quadro grave com risco à vida.,urgente
"Evidência de emergência, encaminhar ao pronto-socorro.",urgente
Quadro sangramento com risco à vida.,urgente
"Evidência de urgente, encaminhar ao pronto-socorro.",urgente
"Sinais de urgente, considerar internação.",urgente
"Achado emergência, avaliar emergência clínica.",urgente
"Sinais de internação, considerar internação.",urgente
emergência! Necessária intervenção imediata.,urgente
Quadro crítico com risco à vida.,urgente
"Evidência de crítico, encaminhar ao pronto-socorro.",urgente
"Sinais de crítico, considerar internação.",urgente
sangramento! Necessária intervenção imediata.,urgente
"Achado sangramento, avaliar emergência clínica.",urgente
"Achado internação, avaliar emergência clínica.",urgente
"Evidência de crítico, encaminhar ao pronto-socorro.",urgente
"Sinais de sangramento, considerar internação.",urgente
Quadro emergência com risco à vida.,urgente
"Evidência de internação, encaminhar ao pronto-socorro.",urgente
crítico! Necessária intervenção imediata.,urgente
"Achado crítico, avaliar emergência clínica.",urgente
"Achado internação, avaliar emergência clínica.",urgente
"Achado grave, avaliar emergência clínica.",urgente
sangramento! Necessária intervenção imediata.,urgente
"Sinais de grave, considerar internação.",urgente
"Sinais de grave, considerar internação.",urgente
"Sinais de emergência, considerar internação.",urgente
"Evidência de emergência, encaminhar ao pronto-socorro.",urgente
"Evidência de grave, encaminhar ao pronto-socorro.",urgente
"Sinais de crítico, considerar internação.",urgente
Quadro urgente com risco à vida.,urgente
emergência! Necessária intervenção imediata.,urgente
"Evidência de crítico, encaminhar ao pronto-socorro.",urgente
"Evidência de crítico, encaminhar ao pronto-socorro.",urgente
Quadro urgente com risco à vida.,urgente
"Achado sangramento, avaliar emergência clínica.",urgente
internação! Necessária intervenção imediata.,urgente
"Achado crítico, avaliar emergência clínica.",urgente
"Achado sangramento, avaliar emergência clínica.",urgente
sangramento! Necessária intervenção imediata.,urgente
"Sinais de grave, considerar internação.",urgente
"Achado crítico, avaliar emergência clínica.",urgente
"Achado emergência, avaliar emergência clínica.",urgente
crítico! Necessária intervenção imediata.,urgente
urgente! Necessária intervenção imediata.,urgente
"Achado urgente, avaliar emergência clínica.",urgente
"Evidência de urgente, encaminhar ao pronto-socorro.",urgente
"Evidência de internação, encaminhar ao pronto-socorro.",urgente
"Evidência de crítico, encaminhar ao pronto-socorro.",urgente
"Achado sangramento, avaliar emergência clínica.",urgente
grave! Necessária intervenção imediata.,urgente
Quadro sangramento com risco à vida.,urgente
"Sinais de crítico, considerar internação.",urgente
"Achado internação, avaliar emergência clínica.",urgente
"Evidência de emergência, encaminhar ao pronto-socorro.",urgente
"Evidência de urgente, encaminhar ao pronto-socorro.",urgente
"Sinais de emergência, considerar internação.",urgente
"Evidência de urgente, encaminhar ao pronto-socorro.",urgente
Quadro emergência com risco à vida.,urgente
Quadro urgente com risco à vida.,urgente
Quadro urgente com risco à vida.,urgente
"Evidência de internação, encaminhar ao pronto-socorro.",urgente
grave! Necessária intervenção imediata.,urgente
"Sinais de urgente, considerar internação.",urgente
"Evidência de urgente, encaminhar ao pronto-socorro.",urgente
Quadro internação com risco à vida.,urgente
"Evidência de crítico, encaminhar ao pronto-socorro.",urgente
grave! Necessária intervenção imediata.,urgente
"Evidência de grave, encaminhar ao pronto-socorro.",urgente
"Evidência de internação, encaminhar ao pronto-socorro.",urgente
"Evidência de crítico, encaminhar ao pronto-socorro.",urgente
Quadro emergência com risco à vida.,urgente
"Achado grave, avaliar emergência clínica.",urgente
urgente! Necessária intervenção imediata.,urgente
"Achado sangramento, avaliar emergência clínica.",urgente
"Sinais de crítico, considerar internação.",urgente
"Achado emergência, avaliar emergência clínica.",urgente
"Sinais de grave, considerar internação.",urgente
"Sinais de emergência, considerar internação.",urgente
"Sinais de emergência, considerar internação.",urgente
"Evidência de emergência, encaminhar ao pronto-socorro.",urgente
Quadro internação com risco à vida.,urgente
"Sinais de urgente, considerar internação.",urgente
Quadro sangramento com risco à vida.,urgente
"Achado sangramento, avaliar emergência clínica.",urgente
internação! Necessária intervenção imediata.,urgente
grave! Necessária intervenção imediata.,urgente
Quadro sangramento com risco à vida.,urgente
"Achado sangramento, avaliar emergência clínica.",urgente
"Sinais de sangramento, considerar internação.",urgente
"Achado crítico, avaliar emergência clínica.",urgente
Quadro urgente com risco à vida.,urgente
"Sinais de urgente, considerar internação.",urgente
urgente! Necessária intervenção imediata.,urgente
sangramento! Necessária intervenção imediata.,urgente
grave! Necessária intervenção imediata.,urgente
"Achado grave, avaliar emergência clínica.",urgente
"Sinais de internação, considerar internação.",urgente
"Sinais de internação, considerar internação.",urgente
"Sinais de urgente, considerar internação.",urgente
"Evidência de crítico, encaminhar ao pronto-socorro.",urgente
internação! Necessária intervenção imediata.,urgente
sangramento! Necessária intervenção imediata.,urgente
"Sinais de internação, considerar internação.",urgente
"Sinais de crítico, considerar internação.",urgente
grave! Necessária intervenção imediata.,urgente
Quadro crítico com risco à vida.,urgente
Quadro internação com risco à vida.,urgente
Quadro sangramento com risco à vida.,urgente
"Evidência de urgente, encaminhar ao pronto-socorro.",urgente
"Evidência de urgente, encaminhar ao pronto-socorro.",urgente
"Sinais de sangramento, considerar internação.",urgente
Quadro internação com risco à vida.,urgente
"Achado crítico, avaliar emergência clínica.",urgente
"Evidência de crítico, encaminhar ao pronto-socorro.",urgente
emergência! Necessária intervenção imediata.,urgente
"Achado internação, avaliar emergência clínica.",urgente
Quadro crítico com risco à vida.,urgente
"Achado crítico, avaliar emergência clínica.",urgente
Quadro urgente com risco à vida.,urgente
sangramento! Necessária intervenção imediata.,urgente
urgente! Necessária intervenção imediata.,urgente
Quadro internação com risco à vida.,urgente
Quadro urgente com risco à vida.,urgente
Quadro internação com risco à vida.,urgente
Quadro grave com risco à vida.,urgente
"Sinais de crítico, considerar internação.",urgente
"Sinais de emergência, considerar internação.",urgente
"Achado sangramento, avaliar emergência clínica.",urgente
Quadro internação com risco à vida.,urgente
"Sinais de internação, considerar internação.",urgente
internação! Necessária intervenção imediata.,urgente
"Evidência de urgente, encaminhar ao pronto-socorro.",urgente
Quadro sangramento com risco à vida.,urgente
"Evidência de sangramento, encaminhar ao pronto-socorro.",urgente
crítico! Necessária intervenção imediata.,urgente
"Achado grave, avaliar emergência clínica.",urgente
Quadro internação com risco à vida.,urgente
"Sinais de internação, considerar internação.",urgente
"Achado internação, avaliar emergência clínica.",urgente
"Evidência de internação, encaminhar ao pronto-socorro.",urgente
Quadro crítico com risco à vida.,urgente
Quadro grave com risco à vida.,urgente
"Achado grave, avaliar emergência clínica.",urgente
Quadro emergência com risco à vida.,urgente
"Evidência de grave, encaminhar ao pronto-socorro.",urgente
Quadro internação com risco à vida.,urgente
"Achado grave, avaliar emergência clínica.",urgente
Quadro internação com risco à vida.,urgente
grave! Necessária intervenção imediata.,urgente
Quadro grave com risco à vida.,urgente
Quadro sangramento com risco à vida.,urgente
Quadro urgente com risco à vida.,urgente
Quadro crítico com risco à vida.,urgente
Quadro sangramento com risco à vida.,urgente
sangramento! Necessária intervenção imediata.,urgente
internação! Necessária intervenção imediata.,urgente
"Achado crítico, avaliar emergência clínica.",urgente
"Achado emergência, avaliar emergência clínica.",urgente
"Evidência de grave, encaminhar ao pronto-socorro.",urgente
"Achado emergência, avaliar emergência clínica.",urgente
"Evidência de crítico, encaminhar ao pronto-socorro.",urgente
Quadro sangramento com risco à vida.,urgente
grave! Necessária intervenção imediata.,urgente
"Sinais de grave, considerar internação.",urgente
Quadro sangramento com risco à vida.,urgente
"Achado sangramento, avaliar emergência clínica.",urgente
"Sinais de urgente, considerar internação.",urgente
"Sinais de emergência, considerar internação.",urgente
"Evidência de urgente, encaminhar ao pronto-socorro.",urgente
"Sinais de urgente, considerar internação.",urgente
emergência! Necessária intervenção imediata.,urgente
"Evidência de urgente, encaminhar ao pronto-socorro.",urgente
"Sinais de grave, considerar internação.",urgente
"Achado grave, avaliar emergência clínica.",urgente
"Evidência de emergência, encaminhar ao pronto-socorro.",urgente
"Sinais de crítico, considerar internação.",urgente
"Evidência de internação, encaminhar ao pronto-socorro.",urgente
"Evidência de sangramento, encaminhar ao pronto-socorro.",urgente
"Evidência de sangramento, encaminhar ao pronto-socorro.",urgente
"Evidência de emergência, encaminhar ao pronto-socorro.",urgente
crítico! Necessária intervenção imediata.,urgente
"Sinais de internação, considerar internação.",urgente
Quadro emergência com risco à vida.,urgente
Quadro crítico com risco à vida.,urgente
"Sinais de emergência, considerar internação.",urgente
internação! Necessária intervenção imediata.,urgente
"Sinais de grave, considerar internação.",urgente
Quadro urgente com risco à vida.,urgente
"Sinais de emergência, considerar internação.",urgente
"Evidência de crítico, encaminhar ao pronto-socorro.",urgente
"Achado urgente, avaliar emergência clínica.",urgente
"Sinais de emergência, considerar internação.",urgente
urgente! Necessária intervenção imediata.,urgente
Quadro sangramento com risco à vida.,urgente
"Achado crítico, avaliar emergência clínica.",urgente
"Achado urgente, avaliar emergência clínica.",urgente
"Evidência de internação, encaminhar ao pronto-socorro.",urgente
"Sinais de urgente, considerar internação.",urgente
"Evidência de urgente, encaminhar ao pronto-socorro.",urgente
"Sinais de grave, considerar internação.",urgente
"Evidência de emergência, encaminhar ao pronto-socorro.",urgente
"Sinais de grave, considerar internação.",urgente
"Sinais de grave, considerar internação.",urgente
crítico! Necessária intervenção imediata.,urgente
"Achado grave, avaliar emergência clínica.",urgente
urgente! Necessária intervenção imediata.,urgente
sangramento! Necessária intervenção imediata.,urgente
Quadro crítico com risco à vida.,urgente
"Achado emergência, avaliar emergência clínica.",urgente
"Achado emergência, avaliar emergência clínica.",urgente
internação! Necessária intervenção imediata.,urgente
emergência! Necessária intervenção imediata.,urgente
sangramento! Necessária intervenção imediata.,urgente
"Evidência de sangramento, encaminhar ao pronto-socorro.",urgente
crítico! Necessária intervenção imediata.,urgente
Quadro sangramento com risco à vida.,urgente
"Sinais de grave, considerar internação.",urgente
urgente! Necessária intervenção imediata.,urgente
"Evidência de internação, encaminhar ao pronto-socorro.",urgente
internação! Necessária intervenção imediata.,urgente
"Achado urgente, avaliar emergência clínica.",urgente
"Achado crítico, avaliar emergência clínica.",urgente
"Sinais de sangramento, considerar internação.",urgente
crítico! Necessária intervenção imediata.,urgente
"Achado emergência, avaliar emergência clínica.",urgente
Quadro emergência com risco à vida.,urgente
sangramento! Necessária intervenção imediata.,urgente
"Sinais de crítico, considerar internação.",urgente
"Sinais de urgente, considerar internação.",urgente
"Achado grave, avaliar emergência clínica.",urgente
Quadro internação com risco à vida.,urgente
"Evidência de urgente, encaminhar ao pronto-socorro.",urgente
"Sinais de emergência, considerar internação.",urgente
"Achado sangramento, avaliar emergência clínica.",urgente
"Sinais de internação, considerar internação.",urgente
"Evidência de urgente, encaminhar ao pronto-socorro.",urgente
"Sinais de emergência, considerar internação.",urgente
internação! Necessária intervenção imediata.,urgente
emergência! Necessária intervenção imediata.,urgente
"Achado internação, avaliar emergência clínica.",urgente
"Evidência de grave, encaminhar ao pronto-socorro.",urgente
crítico! Necessária intervenção imediata.,urgente
internação! Necessária intervenção imediata.,urgente
urgente! Necessária intervenção imediata.,urgente
"Sinais de sangramento, considerar internação.",urgente
Quadro urgente com risco à vida.,urgente
"Evidência de emergência, encaminhar ao pronto-socorro.",urgente
grave! Necessária intervenção imediata.,urgente
urgente! Necessária intervenção imediata.,urgente
Quadro internação com risco à vida.,urgente
Quadro sangramento com risco à vida.,urgente
emergência! Necessária intervenção imediata.,urgente
emergência! Necessária intervenção imediata.,urgente
"Sinais de internação, considerar internação.",urgente
"Sinais de urgente, considerar internação.",urgente
Quadro sangramento com risco à vida.,urgente
"Achado urgente, avaliar emergência clínica.",urgente
urgente! Necessária intervenção imediata.,urgente
Quadro grave com risco à vida.,urgente
sangramento! Necessária intervenção imediata.,urgente
"Evidência de sangramento, encaminhar ao pronto-socorro.",urgente
Quadro sangramento com risco à vida.,urgente
"Evidência de sangramento, encaminhar ao pronto-socorro.",urgente
"Sinais de emergência, considerar internação.",urgente
"Sinais de internação, considerar internação.",urgente
grave! Necessária intervenção imediata.,urgente
sangramento! Necessária intervenção imediata.,urgente
"Achado sangramento, avaliar emergência clínica.",urgente
"Achado internação, avaliar emergência clínica.",urgente
"Evidência de grave, encaminhar ao pronto-socorro.",urgente
"Achado sangramento, avaliar emergência clínica.",urgente
Quadro crítico com risco à vida.,urgente
internação! Necessária intervenção imediata.,urgente
"Sinais de sangramento, considerar internação.",urgente
"Evidência de emergência, encaminhar ao pronto-socorro.",urgente
"Evidência de sangramento, encaminhar ao pronto-socorro.",urgente
emergência! Necessária intervenção imediata.,urgente
Quadro internação com risco à vida.,urgente
Quadro emergência com risco à vida.,urgente
"Achado internação, avaliar emergência clínica.",urgente
"Achado internação, avaliar emergência clínica.",urgente
"Achado grave, avaliar emergência clínica.",urgente
Quadro crítico com risco à vida.,urgente
"Achado internação, avaliar emergência clínica.",urgente
"Achado emergência, avaliar emergência clínica.",urgente
"Evidência de internação, encaminhar ao pronto-socorro.",urgente
"Sinais de sangramento, considerar internação.",urgente
Quadro internação com risco à vida.,urgente
"Evidência de grave, encaminhar ao pronto-socorro.",urgente
"Achado crítico, avaliar emergência clínica.",urgente
emergência! Necessária intervenção imediata.,urgente
"Sinais de crítico, considerar internação.",urgente
"Evidência de sangramento, encaminhar ao pronto-socorro.",urgente
"Sinais de emergência, considerar internação.",urgente
"Evidência de urgente, encaminhar ao pronto-socorro.",urgente
"Sinais de urgente, considerar internação.",urgente
Quadro emergência com risco à vida.,urgente
"Achado grave, avaliar emergência clínica.",urgente
"Achado internação, avaliar emergência clínica.",urgente
"Evidência de sangramento, encaminhar ao pronto-socorro.",urgente
"Sinais de emergência, considerar internação.",urgente
"Evidência de sangramento, encaminhar ao pronto-socorro.",urgente
"Achado sangramento, avaliar emergência clínica.",urgente
sangramento! Necessária intervenção imediata.,urgente
"Evidência de urgente, encaminhar ao pronto-socorro.",urgente
sangramento! Necessária intervenção imediata.,urgente
emergência! Necessária intervenção imediata.,urgente
"Evidência de sangramento, encaminhar ao pronto-socorro.",urgente
crítico! Necessária intervenção imediata.,urgente
"Achado emergência, avaliar emergência clínica.",urgente
crítico! Necessária intervenção imediata.,urgente
"Achado internação, avaliar emergência clínica.",urgente
Quadro crítico com risco à vida.,urgente
"Achado grave, avaliar emergência clínica.",urgente
"Evidência de urgente, encaminhar ao pronto-socorro.",urgente
Quadro emergência com risco à vida.,urgente
"Sinais de sangramento, considerar internação.",urgente
Quadro crítico com risco à vida.,urgente
"Achado crítico, avaliar emergência clínica.",urgente
"Evidência de internação, encaminhar ao pronto-socorro.",urgente
Quadro internação com risco à vida.,urgente
"Evidência de emergência, encaminhar ao pronto-socorro.",urgente
internação! Necessária intervenção imediata.,urgente
"Sinais de emergência, considerar internação.",urgente
Quadro urgente com risco à vida.,urgente
Quadro crítico com risco à vida.,urgente
"Achado urgente, avaliar emergência clínica.",urgente
emergência! Necessária intervenção imediata.,urgente
"Sinais de sangramento, considerar internação.",urgente
"Sinais de internação, considerar internação.",urgente
"Evidência de emergência, encaminhar ao pronto-socorro.",urgente
Quadro crítico com risco à vida.,urgente
"Sinais de grave, considerar internação.",urgente
sangramento! Necessária intervenção imediata.,urgente
"Sinais de sangramento, considerar internação.",urgente
"Sinais de internação, considerar internação.",urgente
Quadro emergência com risco à vida.,urgente
"Evidência de emergência, encaminhar ao pronto-socorro.",urgente
"Achado emergência, avaliar emergência clínica.",urgente
"Evidência de sangramento, encaminhar ao pronto-socorro.",urgente
"Achado crítico, avaliar emergência clínica.",urgente
"Sinais de sangramento, considerar internação.",urgente
crítico! Necessária intervenção imediata.,urgente
crítico! Necessária intervenção imediata.,urgente
"Evidência de crítico, encaminhar ao pronto-socorro.",urgente
"Evidência de crítico, encaminhar ao pronto-socorro.",urgente
"Sinais de internação, considerar internação.",urgente
"Achado grave, avaliar emergência clínica.",urgente
"Sinais de emergência, considerar internação.",urgente
"Evidência de internação, encaminhar ao pronto-socorro.",urgente
"Achado crítico, avaliar emergência clínica.",urgente
Quadro crítico com risco à vida.,urgente
"Evidência de sangramento, encaminhar ao pronto-socorro.",urgente
"Achado internação, avaliar emergência clínica.",urgente
"Sinais de urgente, considerar internação.",urgente
"Evidência de urgente, encaminhar ao pronto-socorro.",urgente
Quadro sangramento com risco à vida.,urgente
"Sinais de grave, considerar internação.",urgente
"Evidência de crítico, encaminhar ao pronto-socorro.",urgente
"Achado urgente, avaliar emergência clínica.",urgente
"Achado urgente, avaliar emergência clínica.",urgente
"Achado internação, avaliar emergência clínica.",urgente
"Sinais de grave, considerar internação.",urgente
"Sinais de crítico, considerar internação.",urgente
Quadro internação com risco à vida.,urgente
Quadro internação com risco à vida.,urgente
"Sinais de internação, considerar internação.",urgente
"Sinais de crítico, considerar internação.",urgente
"Achado internação, avaliar emergência clínica.",urgente
Quadro internação com risco à vida.,urgente
urgente! Necessária intervenção imediata.,urgente
"Achado sangramento, avaliar emergência clínica.",urgente
"Achado crítico, avaliar emergência clínica.",urgente
"Evidência de internação, encaminhar ao pronto-socorro.",urgente
"Achado urgente, avaliar emergência clínica.",urgente
"Evidência de emergência, encaminhar ao pronto-socorro.",urgente
"Achado emergência, avaliar emergência clínica.",urgente
sangramento! Necessária intervenção imediata.,urgente
"Sinais de emergência, considerar internação.",urgente
grave! Necessária intervenção imediata.,urgente
Quadro grave com risco à vida.,urgente
Quadro internação com risco à vida.,urgente
Quadro grave com risco à vida.,urgente
internação! Necessária intervenção imediata.,urgente
Quadro grave com risco à vida.,urgente
"Achado emergência, avaliar emergência clínica.",urgente
Quadro sangramento com risco à vida.,urgente
crítico! Necessária intervenção imediata.,urgente
"Achado grave, avaliar emergência clínica.",urgente
"Achado sangramento, avaliar emergência clínica.",urgente
"Sinais de crítico, considerar internação.",urgente
Quadro internação com risco à vida.,urgente
sangramento! Necessária intervenção imediata.,urgente
"Evidência de sangramento, encaminhar ao pronto-socorro.",urgente
Quadro crítico com risco à vida.,urgente
emergência! Necessária intervenção imediata.,urgente
Quadro grave com risco à vida.,urgente
"Achado sangramento, avaliar emergência clínica.",urgente
"Sinais de internação, considerar internação.",urgente
Quadro crítico com risco à vida.,urgente
